video_file,track_id,vehicle_class,golongan_code,crossed_at_seconds,speed_kph
ch01_00000000124000000.mp4,3,motorcycle,1,2.3,27.7
ch01_00000000124000000.mp4,12,motorcycle,1,3.15,21.2
ch01_00000000124000000.mp4,13,motorcycle,1,9.999,30.0
ch01_00000000124000000.mp4,31,car,2,13.549,36.0
ch01_00000000124000000.mp4,75,truck,6,19.249,12.9
ch01_00000000124000000.mp4,185,car,2,34.898,24.0
ch01_00000000124000000.mp4,220,motorcycle,1,37.498,27.7
ch01_00000000124000000.mp4,239,car,2,40.548,25.7
ch01_00000000124000000.mp4,287,motorcycle,1,43.947,21.2
ch01_00000000124000000.mp4,285,car,2,44.797,22.5
ch01_00000000124000000.mp4,411,motorcycle,1,55.197,32.7
ch01_00000000124000000.mp4,473,truck,6,62.096,18.0
ch01_00000000124000000.mp4,541,truck,4,65.746,30.0
ch01_00000000124000000.mp4,602,motorcycle,1,70.896,13.8
ch01_00000000124000000.mp4,669,motorcycle,1,80.395,20.0
ch01_00000000124000000.mp4,672,motorcycle,1,80.545,32.7
ch01_00000000124000000.mp4,706,car,2,83.495,21.2
ch01_00000000124000000.mp4,702,truck,6,84.645,13.8
ch01_00000000124000000.mp4,743,car,2,86.895,22.5
ch01_00000000124000000.mp4,762,car,2,89.795,16.4
ch01_00000000124000000.mp4,1015,motorcycle,1,110.644,27.7
ch01_00000000124000000.mp4,1021,motorcycle,1,111.344,21.2
ch01_00000000124000000.mp4,1052,motorcycle,1,115.143,12.9
ch01_00000000124000000.mp4,1082,motorcycle,1,121.343,7.3
ch01_00000000124000000.mp4,1090,motorcycle,1,122.543,17.1
ch01_00000000124000000.mp4,1264,motorcycle,1,137.442,13.3
ch01_00000000124000000.mp4,1297,car,2,141.842,36.0
ch01_00000000124000000.mp4,1397,truck,6,148.792,22.5
ch01_00000000124000000.mp4,1417,motorcycle,1,150.591,36.0
ch01_00000000124000000.mp4,1444,motorcycle,1,153.591,36.0
ch01_00000000124000000.mp4,1586,truck,6,169.14,30.0
ch01_00000000124000000.mp4,1599,motorcycle,1,170.54,18.0
ch01_00000000124000000.mp4,1791,motorcycle,1,182.589,17.1
ch01_00000000124000000.mp4,1917,motorcycle,1,197.039,25.7
ch01_00000000124000000.mp4,2224,truck,4,226.837,45.0
ch01_00000000124000000.mp4,2378,motorcycle,1,242.536,36.0
ch01_00000000124000000.mp4,2692,car,2,270.985,21.2
ch01_00000000124000000.mp4,2801,car,3,279.634,15.0
ch01_00000000124000000.mp4,3117,car,3,308.532,16.4
ch01_00000000124000000.mp4,3123,motorcycle,1,309.682,25.7
ch01_00000000124000000.mp4,3145,motorcycle,1,310.932,30.0
ch01_00000000124000000.mp4,3196,motorcycle,1,314.932,27.7
ch01_00000000124000000.mp4,3223,truck,4,318.882,36.0
ch01_00000000124000000.mp4,3229,motorcycle,1,320.582,24.0
ch01_00000000124000000.mp4,3291,car,2,324.931,25.7
ch01_00000000124000000.mp4,3342,truck,4,329.981,22.5
ch01_00000000124000000.mp4,3363,truck,6,331.231,36.0
ch01_00000000124000000.mp4,3386,motorcycle,1,335.181,21.2
ch01_00000000124000000.mp4,3548,motorcycle,1,351.78,32.7
ch01_00000000124000000.mp4,3541,motorcycle,1,351.93,8.0
ch01_00000000124000000.mp4,3658,car,2,362.579,21.2
ch01_00000000124000000.mp4,3645,motorcycle,1,363.629,8.0
ch01_00000000124000000.mp4,3679,car,2,365.979,16.4
ch01_00000000124000000.mp4,3777,car,2,369.429,25.7
ch01_00000000124000000.mp4,3929,truck,6,382.628,21.2
ch01_00000000124000000.mp4,3971,motorcycle,1,387.328,25.7
ch01_00000000124000000.mp4,3972,bus,5,388.778,22.5
ch01_00000000124000000.mp4,4051,motorcycle,1,396.027,24.0
ch01_00000000124000000.mp4,4735,motorcycle,1,466.223,27.7
ch01_00000000124000000.mp4,4843,motorcycle,1,473.023,24.0
ch01_00000000124000000.mp4,4842,car,2,473.723,25.7
ch01_00000000124000000.mp4,4927,motorcycle,1,476.473,27.7
ch01_00000000124000000.mp4,5001,motorcycle,1,480.872,25.7
ch01_00000000124000000.mp4,5024,car,2,483.122,24.0
ch01_00000000124000000.mp4,5082,car,2,487.122,27.7
ch01_00000000124000000.mp4,5114,motorcycle,1,488.872,20.0
ch01_00000000124000000.mp4,5409,car,2,508.671,22.5
ch01_00000000124000000.mp4,5472,car,2,513.071,27.7
ch01_00000000124000000.mp4,5509,motorcycle,1,516.22,40.0
ch01_00000000124000000.mp4,5547,motorcycle,1,519.12,12.9
ch01_00000000124000000.mp4,5587,motorcycle,1,522.37,12.9
ch01_00000000124000000.mp4,5649,car,3,528.52,9.5
ch01_00000000124000000.mp4,5940,truck,4,555.418,21.2
ch01_00000000124000000.mp4,5992,car,2,562.918,22.5
ch01_00000000124000000.mp4,6038,car,3,566.867,27.7
ch01_00000000124000000.mp4,6082,truck,6,574.067,9.7
ch01_00000000124000000.mp4,6223,motorcycle,1,589.516,14.4
ch01_00000000124000000.mp4,6334,motorcycle,1,595.166,36.0
ch01_00000000124000000.mp4,6588,car,2,625.914,10.3
ch01_00000000124000000.mp4,6658,car,2,632.364,32.7
ch01_00000000124000000.mp4,6670,car,3,633.364,30.0
ch01_00000000124000000.mp4,6675,motorcycle,1,633.914,27.7
ch01_00000000124000000.mp4,6713,truck,4,636.364,32.7
ch01_00000000124000000.mp4,6747,motorcycle,1,640.363,22.5
ch01_00000000124000000.mp4,6757,truck,4,640.913,30.0
ch01_00000000124000000.mp4,6776,car,2,645.713,32.7
ch01_00000000124000000.mp4,6822,truck,6,653.913,10.0
ch01_00000000124000000.mp4,6845,car,2,654.062,40.0
ch01_00000000124000000.mp4,6956,motorcycle,1,664.662,25.7
ch01_00000000124000000.mp4,7029,car,3,669.962,12.4
ch01_00000000124000000.mp4,7068,motorcycle,1,671.611,27.7
ch01_00000000124000000.mp4,7235,car,2,686.511,25.7
ch01_00000000124000000.mp4,7342,motorcycle,1,696.26,36.0
ch01_00000000124000000.mp4,7360,motorcycle,1,700.11,7.8
ch01_00000000124000000.mp4,7387,motorcycle,1,701.01,6.9
ch01_00000000124000000.mp4,7412,motorcycle,1,702.66,12.4
ch01_00000000124000000.mp4,7424,motorcycle,1,703.56,24.0
ch01_00000000124000000.mp4,7659,motorcycle,1,726.258,17.1
ch01_00000000124000000.mp4,7912,car,3,748.807,24.0
ch01_00000000124000000.mp4,7944,car,2,750.807,25.7
ch01_00000000124000000.mp4,8185,car,2,772.256,27.7
ch01_00000000124000000.mp4,8356,motorcycle,1,796.754,32.7
ch01_00000000124000000.mp4,8420,motorcycle,1,801.154,21.2
ch01_00000000124000000.mp4,8425,car,2,802.354,25.7
ch01_00000000124000000.mp4,8440,motorcycle,1,803.354,32.7
ch01_00000000124000000.mp4,8463,motorcycle,1,804.804,30.0
ch01_00000000124000000.mp4,8484,car,3,807.904,24.0
ch01_00000000124000000.mp4,8517,motorcycle,1,809.754,22.5
ch01_00000000124000000.mp4,8551,truck,4,812.653,20.0
ch01_00000000124000000.mp4,8696,car,2,824.303,45.0
ch01_00000000124000000.mp4,8760,car,3,827.653,27.7
ch01_00000000124000000.mp4,8796,truck,7,829.452,18.9
ch01_00000000124000000.mp4,8829,truck,6,832.952,10.9
ch01_00000000124000000.mp4,8852,car,2,835.802,24.0
ch01_00000000124000000.mp4,8873,motorcycle,1,839.902,12.0
ch01_00000000124000000.mp4,8951,car,3,846.952,8.0
ch01_00000000124000000.mp4,9188,motorcycle,1,868.75,17.1
ch01_00000000124000000.mp4,9226,motorcycle,1,871.75,21.2
ch01_00000000124000000.mp4,9409,car,3,885.149,24.0
ch01_00000000124000000.mp4,9662,truck,6,902.398,18.9
ch01_00000000124000000.mp4,9706,truck,6,904.648,20.0
ch01_00000000124000000.mp4,9966,motorcycle,1,922.747,15.7
ch01_00000000124000000.mp4,9993,car,2,925.547,25.7
ch01_00000000124000000.mp4,10077,motorcycle,1,933.697,9.0
ch01_00000000124000000.mp4,10191,motorcycle,1,941.146,40.0
ch01_00000000124000000.mp4,10315,motorcycle,1,952.695,25.7
ch01_00000000124000000.mp4,10360,motorcycle,1,958.045,32.7
ch01_00000000124000000.mp4,10428,motorcycle,1,962.095,21.2
ch01_00000000124000000.mp4,10485,motorcycle,1,968.245,20.0
ch01_00000000124000000.mp4,10494,motorcycle,1,968.894,20.0
ch01_00000000124000000.mp4,10556,motorcycle,1,973.444,22.5
ch01_00000000124000000.mp4,10631,car,2,980.394,22.5
ch01_00000000124000000.mp4,10692,truck,4,985.343,24.0
ch01_00000000124000000.mp4,10721,truck,6,988.293,22.5
ch01_00000000124000000.mp4,10774,car,2,992.643,30.0
ch01_00000000124000000.mp4,10900,bus,5,1009.892,27.7
ch01_00000000124000000.mp4,11295,motorcycle,1,1044.09,16.4
ch01_00000000124000000.mp4,11453,motorcycle,1,1057.089,32.7
ch01_00000000124000000.mp4,11557,motorcycle,1,1070.639,9.5
ch01_00000000124000000.mp4,11587,car,2,1074.138,7.2
ch01_00000000124000000.mp4,11602,motorcycle,1,1074.388,30.0
ch01_00000000124000000.mp4,11622,motorcycle,1,1075.038,30.0
ch01_00000000124000000.mp4,11778,bus,5,1087.238,27.7
ch01_00000000124000000.mp4,11912,car,2,1100.037,30.0
ch01_00000000124000000.mp4,11995,car,2,1105.037,36.0
ch01_00000000124000000.mp4,12021,motorcycle,1,1106.387,25.7
ch01_00000000124000000.mp4,12029,truck,4,1106.637,32.7
ch01_00000000124000000.mp4,12074,car,3,1108.336,36.0
ch01_00000000124000000.mp4,12090,motorcycle,1,1109.036,27.7
ch01_00000000124000000.mp4,12141,motorcycle,1,1112.436,24.0
ch01_00000000124000000.mp4,12185,motorcycle,1,1116.236,30.0
ch01_00000000124000000.mp4,12260,motorcycle,1,1122.186,30.0
ch01_00000000124000000.mp4,12339,truck,6,1131.035,20.0
ch01_00000000124000000.mp4,12360,car,2,1133.035,21.2
ch01_00000000124000000.mp4,12435,car,3,1140.985,18.9
ch01_00000000124000000.mp4,12460,motorcycle,1,1142.985,15.7
ch01_00000000124000000.mp4,12473,car,2,1145.834,18.9
ch01_00000000124000000.mp4,12480,motorcycle,1,1146.434,25.7
ch01_00000000124000000.mp4,12499,truck,6,1149.334,10.6
ch01_00000000124000000.mp4,12669,motorcycle,1,1162.233,32.7
ch01_00000000124000000.mp4,12930,motorcycle,1,1184.932,9.2
ch01_00000000124000000.mp4,12999,motorcycle,1,1188.882,25.7
ch01_00000000124000000.mp4,13047,car,2,1195.532,25.7
ch01_00000000124000000.mp4,13115,motorcycle,1,1197.981,25.7
ch01_00000000124000000.mp4,13167,motorcycle,1,1200.131,25.7
ch01_00000000124000000.mp4,13202,motorcycle,1,1203.681,10.6
ch01_00000000124000000.mp4,13226,truck,4,1204.881,40.0
ch01_00000000124000000.mp4,13332,car,2,1212.031,20.0
ch01_00000000124000000.mp4,13643,car,2,1229.33,10.9
ch01_00000000124000000.mp4,13676,motorcycle,1,1230.429,8.2
ch01_00000000124000000.mp4,13976,car,2,1259.178,40.0
ch01_00000000124000000.mp4,13986,motorcycle,1,1259.878,27.7
ch01_00000000124000000.mp4,14004,motorcycle,1,1260.678,40.0
ch01_00000000124000000.mp4,14060,motorcycle,1,1265.227,25.7
ch01_00000000124000000.mp4,14067,car,2,1266.527,36.0
ch01_00000000124000000.mp4,14085,car,3,1268.377,9.7
ch01_00000000124000000.mp4,14133,car,2,1274.727,25.7
ch01_00000000124000000.mp4,14171,car,2,1277.927,25.7
ch01_00000000124000000.mp4,14325,car,2,1285.376,20.0
ch01_00000000124000000.mp4,14524,car,2,1301.275,32.7
ch01_00000000124000000.mp4,14594,car,2,1305.525,32.7
ch01_00000000124000000.mp4,14678,motorcycle,1,1309.975,17.1
ch01_00000000124000000.mp4,14729,motorcycle,1,1313.825,40.0
ch01_00000000124000000.mp4,14759,motorcycle,1,1317.725,11.3
ch01_00000000124000000.mp4,14774,motorcycle,1,1318.424,20.0
ch01_00000000124000000.mp4,15231,car,2,1355.822,24.0
ch01_00000000124000000.mp4,15336,motorcycle,1,1364.772,25.7
ch01_00000000124000000.mp4,15448,car,3,1383.271,22.5
ch01_00000000124000000.mp4,15645,truck,6,1399.27,10.3
ch01_00000000124000000.mp4,15759,truck,6,1404.919,21.2
ch01_00000000124000000.mp4,15859,car,3,1412.819,24.0
ch01_00000000124000000.mp4,15937,motorcycle,1,1418.569,25.7
ch01_00000000124000000.mp4,16022,motorcycle,1,1423.318,24.0
ch01_00000000124000000.mp4,16035,motorcycle,1,1424.468,30.0
ch01_00000000124000000.mp4,16092,motorcycle,1,1427.518,30.0
ch01_00000000124000000.mp4,16121,car,2,1429.668,22.5
ch01_00000000124000000.mp4,16170,car,2,1433.118,24.0
ch01_00000000124000000.mp4,16172,car,2,1434.268,21.2
ch01_00000000124000000.mp4,16264,motorcycle,1,1441.117,24.0
ch01_00000000124000000.mp4,16352,car,2,1448.917,32.7
ch01_00000000124000000.mp4,16361,car,2,1449.967,24.0
ch01_00000000124000000.mp4,16376,car,2,1452.167,25.7
ch01_00000000124000000.mp4,16414,motorcycle,1,1454.767,22.5
ch01_00000000124000000.mp4,16417,truck,6,1455.267,30.0
ch01_00000000124000000.mp4,16590,motorcycle,1,1468.866,17.1
ch01_00000000124000000.mp4,16746,motorcycle,1,1482.865,27.7
ch01_00000000124000000.mp4,16989,truck,6,1503.114,17.1
ch01_00000000124000000.mp4,17095,motorcycle,1,1510.463,40.0
ch01_00000000124000000.mp4,17223,motorcycle,1,1519.963,3.8
ch01_00000000124000000.mp4,17335,motorcycle,1,1528.612,24.0
ch01_00000000124000000.mp4,17398,motorcycle,1,1531.662,27.7
ch01_00000000124000000.mp4,17410,motorcycle,1,1532.012,27.7
ch01_00000000124000000.mp4,17427,truck,6,1533.862,18.0
ch01_00000000124000000.mp4,17450,truck,6,1535.862,18.9
ch01_00000000124000000.mp4,17490,car,2,1537.712,18.9
ch01_00000000124000000.mp4,17605,car,2,1548.261,27.7
ch01_00000000124000000.mp4,17611,car,2,1549.261,25.7
ch01_00000000124000000.mp4,17637,car,2,1549.861,30.0
ch01_00000000124000000.mp4,17673,car,2,1551.761,27.7
ch01_00000000124000000.mp4,17820,bus,5,1563.51,22.5
ch01_00000000124000000.mp4,17846,motorcycle,1,1567.86,45.0
ch01_00000000124000000.mp4,17859,car,2,1570.96,25.7
ch01_00000000124000000.mp4,18022,motorcycle,1,1585.609,25.7
ch01_00000000124000000.mp4,18123,truck,6,1595.059,22.5
ch01_00000000124000000.mp4,18193,car,2,1598.558,30.0
ch01_00000000124000000.mp4,18246,car,2,1602.558,32.7
ch01_00000000124000000.mp4,18373,motorcycle,1,1608.958,25.7
ch01_00000000124000000.mp4,18668,car,2,1633.956,22.5
ch01_00000000124000000.mp4,18717,car,2,1637.506,30.0
ch01_00000000124000000.mp4,19000,motorcycle,1,1661.705,5.7
ch01_00000000124000000.mp4,19010,motorcycle,1,1662.505,24.0
ch01_00000000124000000.mp4,19028,car,3,1663.455,20.0
ch01_00000000124000000.mp4,19188,motorcycle,1,1672.504,40.0
ch01_00000000124000000.mp4,19206,motorcycle,1,1673.354,36.0
ch01_00000000124000000.mp4,19629,car,2,1713.102,27.7
ch01_00000000124000000.mp4,19666,car,2,1715.702,25.7
ch01_00000000124000000.mp4,19688,motorcycle,1,1717.652,10.0
ch01_00000000124000000.mp4,19752,motorcycle,1,1721.151,25.7
ch01_00000000124000000.mp4,19789,truck,6,1725.301,21.2
ch01_00000000124000000.mp4,19879,motorcycle,1,1731.851,21.2
ch01_00000000124000000.mp4,19939,truck,6,1736.101,24.0
ch01_00000000124000000.mp4,19948,car,2,1736.2,36.0
ch01_00000000124000000.mp4,19996,truck,6,1741.9,18.0
ch01_00000000124000000.mp4,20017,truck,6,1743.85,18.9
ch01_00000000124000000.mp4,20365,car,3,1767.999,18.9
ch01_00000000124000000.mp4,20390,motorcycle,1,1769.149,32.7
ch01_00000000124000000.mp4,20521,car,2,1777.698,30.0
ch01_00000000124000000.mp4,20553,truck,4,1780.448,30.0
ch01_00000000124000000.mp4,20705,truck,4,1792.097,36.0
ch01_00000000124000000.mp4,20748,car,2,1797.897,24.0
ch01_00000000124000000.mp4,20972,car,2,1817.996,22.5
ch01_00000000124000000.mp4,20986,truck,6,1820.346,11.6
ch01_00000000124000000.mp4,21038,truck,6,1824.645,21.2
ch01_00000000124000000.mp4,21048,motorcycle,1,1824.995,32.7
ch01_00000000124000000.mp4,21068,motorcycle,1,1826.095,36.0
ch01_00000000124000000.mp4,21263,car,2,1841.294,36.0
ch01_00000000124000000.mp4,21288,motorcycle,1,1842.644,6.7
ch01_00000000124000000.mp4,21587,motorcycle,1,1868.693,12.9
ch01_00000000124000000.mp4,21747,motorcycle,1,1889.242,36.0
ch01_00000000124000000.mp4,21774,motorcycle,1,1893.742,27.7
ch01_00000000124000000.mp4,21855,motorcycle,1,1900.591,22.5
ch01_00000000124000000.mp4,21934,motorcycle,1,1906.991,20.0
ch01_00000000124000000.mp4,21958,motorcycle,1,1908.491,22.5
ch01_00000000124000000.mp4,21994,motorcycle,1,1911.341,27.7
ch01_00000000124000000.mp4,22004,truck,6,1913.14,21.2
ch01_00000000124000000.mp4,22010,truck,4,1914.39,27.7
ch01_00000000124000000.mp4,22056,truck,4,1916.59,32.7
ch01_00000000124000000.mp4,22049,truck,6,1916.84,21.2
ch01_00000000124000000.mp4,22066,motorcycle,1,1917.64,30.0
ch01_00000000124000000.mp4,22082,car,2,1918.69,25.7
ch01_00000000124000000.mp4,22204,motorcycle,1,1925.69,24.0
ch01_00000000124000000.mp4,22229,truck,6,1928.239,30.0
ch01_00000000124000000.mp4,22290,truck,6,1930.289,30.0
ch01_00000000124000000.mp4,22450,car,3,1942.539,32.7
ch01_00000000124000000.mp4,22699,motorcycle,1,1956.488,30.0
ch01_00000000124000000.mp4,22716,motorcycle,1,1957.988,25.7
ch01_00000000124000000.mp4,22925,motorcycle,1,1976.037,22.5
ch01_00000000124000000.mp4,23037,car,3,1986.186,21.2
ch01_00000000124000000.mp4,23191,bus,5,1999.635,24.0
ch01_00000000124000000.mp4,23302,motorcycle,1,2007.535,10.6
ch01_00000000124000000.mp4,23338,motorcycle,1,2009.085,32.7
ch01_00000000124000000.mp4,23393,truck,6,2013.985,18.9
ch01_00000000124000000.mp4,23605,motorcycle,1,2029.534,25.7
ch01_00000000124000000.mp4,23619,motorcycle,1,2031.684,12.4
ch01_00000000124000000.mp4,23658,motorcycle,1,2033.034,18.9
ch01_00000000124000000.mp4,23702,car,2,2035.433,21.2
ch01_00000000124000000.mp4,23719,car,2,2037.833,24.0
ch01_00000000124000000.mp4,23742,car,3,2039.483,6.9
ch01_00000000124000000.mp4,23769,car,2,2041.033,25.7
ch01_00000000124000000.mp4,23790,car,2,2044.133,18.9
ch01_00000000124000000.mp4,23838,motorcycle,1,2047.583,36.0
ch01_00000000124000000.mp4,23828,car,3,2048.133,20.0
ch01_00000000124000000.mp4,23868,motorcycle,1,2051.182,32.7
ch01_00000000124000000.mp4,23925,motorcycle,1,2055.082,30.0
ch01_00000000124000000.mp4,23975,truck,6,2060.832,27.7
ch01_00000000124000000.mp4,23985,truck,4,2061.832,27.7
ch01_00000000124000000.mp4,24050,motorcycle,1,2068.981,20.0
ch01_00000000124000000.mp4,24028,motorcycle,1,2070.031,8.2
ch01_00000000124000000.mp4,24138,car,3,2075.631,27.7
ch01_00000000124000000.mp4,24144,car,2,2076.231,22.5
ch01_00000000124000000.mp4,24157,motorcycle,1,2076.331,32.7
ch01_00000000124000000.mp4,24193,truck,6,2080.981,7.3
ch01_00000000124000000.mp4,24351,motorcycle,1,2095.23,27.7
ch01_00000000124000000.mp4,24349,truck,6,2095.78,18.9
ch01_00000000124000000.mp4,24483,motorcycle,1,2106.979,18.9
ch01_00000000124000000.mp4,24549,motorcycle,1,2112.929,24.0
ch01_00000000124000000.mp4,24695,car,3,2122.928,27.7
ch01_00000000124000000.mp4,24974,truck,6,2144.177,25.7
ch01_00000000124000000.mp4,25049,car,2,2149.227,24.0
ch01_00000000124000000.mp4,25103,motorcycle,1,2150.127,22.5
ch01_00000000124000000.mp4,25399,motorcycle,1,2167.426,9.2
ch01_00000000124000000.mp4,25756,motorcycle,1,2190.474,21.2
ch01_00000000124000000.mp4,25855,motorcycle,1,2202.874,40.0
ch01_00000000124000000.mp4,25951,motorcycle,1,2209.373,15.0
ch01_00000000124000000.mp4,25978,car,2,2211.073,27.7
ch01_00000000124000000.mp4,26056,motorcycle,1,2215.773,27.7
ch01_00000000124000000.mp4,26107,truck,4,2220.273,27.7
ch01_00000000124000000.mp4,26125,motorcycle,1,2221.873,21.2
ch01_00000000124000000.mp4,26135,motorcycle,1,2223.623,9.0
ch01_00000000124000000.mp4,26356,motorcycle,1,2242.372,40.0
ch01_00000000124000000.mp4,26408,truck,6,2245.471,25.7
ch01_00000000124000000.mp4,26482,motorcycle,1,2248.271,18.9
ch01_00000000124000000.mp4,26576,car,2,2253.871,21.2
ch01_00000000124000000.mp4,26673,motorcycle,1,2262.32,12.9
ch01_00000000124000000.mp4,26683,motorcycle,1,2262.42,32.7
ch01_00000000124000000.mp4,26877,truck,4,2276.919,27.7
ch01_00000000124000000.mp4,27034,motorcycle,1,2289.819,24.0
ch01_00000000124000000.mp4,27112,truck,6,2297.618,21.2
ch01_00000000124000000.mp4,27184,truck,6,2306.668,12.9
ch01_00000000124000000.mp4,27225,motorcycle,1,2310.418,9.0
ch01_00000000124000000.mp4,27283,truck,4,2314.917,24.0
ch01_00000000124000000.mp4,27323,truck,6,2319.167,12.4
ch01_00000000124000000.mp4,27352,motorcycle,1,2321.117,7.8
ch01_00000000124000000.mp4,27658,car,2,2343.216,27.7
ch01_00000000124000000.mp4,27807,motorcycle,1,2350.615,30.0
ch01_00000000124000000.mp4,27817,car,2,2351.515,21.2
ch01_00000000124000000.mp4,27904,car,2,2358.465,21.2
ch01_00000000124000000.mp4,27913,car,2,2360.315,15.7
ch01_00000000124000000.mp4,27951,motorcycle,1,2365.015,30.0
ch01_00000000124000000.mp4,27955,motorcycle,1,2365.215,40.0
ch01_00000000124000000.mp4,27969,motorcycle,1,2366.014,36.0
ch01_00000000124000000.mp4,28032,motorcycle,1,2369.164,25.7
ch01_00000000124000000.mp4,28044,motorcycle,1,2370.214,27.7
ch01_00000000124000000.mp4,28052,motorcycle,1,2372.064,27.7
ch01_00000000124000000.mp4,28067,truck,6,2373.214,27.7
ch01_00000000124000000.mp4,28361,car,3,2397.763,25.7
ch01_00000000124000000.mp4,28399,motorcycle,1,2399.963,25.7
ch01_00000000124000000.mp4,28760,motorcycle,1,2426.811,17.1
ch01_00000000124000000.mp4,28829,motorcycle,1,2432.761,36.0
ch01_00000000124000000.mp4,28837,motorcycle,1,2434.061,10.6
ch01_00000000124000000.mp4,28907,car,2,2442.16,15.0
ch01_00000000124000000.mp4,29270,car,2,2463.109,16.4
ch01_00000000124000000.mp4,29566,motorcycle,1,2478.958,20.0
ch01_00000000124000000.mp4,29629,motorcycle,1,2485.358,9.7
ch01_00000000124000000.mp4,29665,car,2,2493.857,7.3
ch01_00000000124000000.mp4,29728,motorcycle,1,2498.007,22.5
ch01_00000000124000000.mp4,29850,truck,6,2510.706,20.0
ch01_00000000124000000.mp4,30050,car,2,2530.405,36.0
ch01_00000000124000000.mp4,30142,motorcycle,1,2538.055,17.1
ch01_00000000124000000.mp4,30195,motorcycle,1,2543.554,27.7
ch01_00000000124000000.mp4,30200,motorcycle,1,2545.104,22.5
ch01_00000000124000000.mp4,30235,motorcycle,1,2548.804,18.9
ch01_00000000124000000.mp4,30253,truck,6,2551.454,18.9
ch01_00000000124000000.mp4,30292,motorcycle,1,2554.904,22.5
ch01_00000000124000000.mp4,30487,motorcycle,1,2573.202,36.0
ch01_00000000124000000.mp4,30665,motorcycle,1,2585.602,22.5
ch01_00000000124000000.mp4,30775,motorcycle,1,2593.001,11.6
