sequence_no,track_id,vehicle_class,detected_label,vehicle_type_code,vehicle_type_label,golongan_code,golongan_label,source_label,count_line_order,count_line_name,direction,crossed_at_seconds,crossed_at_frame,confidence,video_id,site_id,site_code,site_name,location_description,latitude,longitude,analysis_job_id,video_filename,recorded_at
1,37,motorcycle,1motor,1motor,Motorcycle,1,Motorcycle / 3-wheel vehicle,1motor,2,Line 2,opposite,8.5989,172,0.7562,9a43daf6-40d5-4754-b72b-d2e24af08e50,e2b5d1af-611f-418e-93d3-019b7b7ef4af,123,lembang,cikatomas pakidulan joszzz,,,177caa89-e1f6-4b79-a432-4135c290d29c,ch01_00000000152000000.mp4,
2,66,motorcycle,1motor,1motor,Motorcycle,1,Motorcycle / 3-wheel vehicle,1motor,2,Line 2,opposite,9.6488,193,0.7519,9a43daf6-40d5-4754-b72b-d2e24af08e50,e2b5d1af-611f-418e-93d3-019b7b7ef4af,123,lembang,cikatomas pakidulan joszzz,,,177caa89-e1f6-4b79-a432-4135c290d29c,ch01_00000000152000000.mp4,
3,118,motorcycle,1motor,1motor,Motorcycle,1,Motorcycle / 3-wheel vehicle,1motor,1,Line 1,opposite,15.0481,301,0.8836,9a43daf6-40d5-4754-b72b-d2e24af08e50,e2b5d1af-611f-418e-93d3-019b7b7ef4af,123,lembang,cikatomas pakidulan joszzz,,,177caa89-e1f6-4b79-a432-4135c290d29c,ch01_00000000152000000.mp4,
4,118,motorcycle,1motor,1motor,Motorcycle,1,Motorcycle / 3-wheel vehicle,1motor,2,Line 2,opposite,15.6981,314,0.7794,9a43daf6-40d5-4754-b72b-d2e24af08e50,e2b5d1af-611f-418e-93d3-019b7b7ef4af,123,lembang,cikatomas pakidulan joszzz,,,177caa89-e1f6-4b79-a432-4135c290d29c,ch01_00000000152000000.mp4,
5,132,motorcycle,1motor,1motor,Motorcycle,1,Motorcycle / 3-wheel vehicle,1motor,2,Line 2,opposite,16.5979,332,0.6571,9a43daf6-40d5-4754-b72b-d2e24af08e50,e2b5d1af-611f-418e-93d3-019b7b7ef4af,123,lembang,cikatomas pakidulan joszzz,,,177caa89-e1f6-4b79-a432-4135c290d29c,ch01_00000000152000000.mp4,
6,15,truck,4pickupmicro,4PickupMicro,Pickup / Micro Truck,4,Pickup / micro truck / delivery,4pickupmicro,2,Line 2,opposite,20.7474,415,0.7853,9a43daf6-40d5-4754-b72b-d2e24af08e50,e2b5d1af-611f-418e-93d3-019b7b7ef4af,123,lembang,cikatomas pakidulan joszzz,,,177caa89-e1f6-4b79-a432-4135c290d29c,ch01_00000000152000000.mp4,
7,34,motorcycle,1motor,1motor,Motorcycle,1,Motorcycle / 3-wheel vehicle,1motor,1,Line 1,normal,21.4973,430,0.7918,9a43daf6-40d5-4754-b72b-d2e24af08e50,e2b5d1af-611f-418e-93d3-019b7b7ef4af,123,lembang,cikatomas pakidulan joszzz,,,177caa89-e1f6-4b79-a432-4135c290d29c,ch01_00000000152000000.mp4,
8,34,motorcycle,1motor,1motor,Motorcycle,1,Motorcycle / 3-wheel vehicle,1motor,2,Line 2,opposite,22.4972,450,0.7828,9a43daf6-40d5-4754-b72b-d2e24af08e50,e2b5d1af-611f-418e-93d3-019b7b7ef4af,123,lembang,cikatomas pakidulan joszzz,,,177caa89-e1f6-4b79-a432-4135c290d29c,ch01_00000000152000000.mp4,
9,51,truck,4pickupmicro,4PickupMicro,Pickup / Micro Truck,4,Pickup / micro truck / delivery,4pickupmicro,1,Line 1,opposite,22.7472,455,0.8849,9a43daf6-40d5-4754-b72b-d2e24af08e50,e2b5d1af-611f-418e-93d3-019b7b7ef4af,123,lembang,cikatomas pakidulan joszzz,,,177caa89-e1f6-4b79-a432-4135c290d29c,ch01_00000000152000000.mp4,
10,51,truck,4pickupmicro,4PickupMicro,Pickup / Micro Truck,4,Pickup / micro truck / delivery,4pickupmicro,2,Line 2,opposite,23.3471,467,0.849,9a43daf6-40d5-4754-b72b-d2e24af08e50,e2b5d1af-611f-418e-93d3-019b7b7ef4af,123,lembang,cikatomas pakidulan joszzz,,,177caa89-e1f6-4b79-a432-4135c290d29c,ch01_00000000152000000.mp4,
11,73,truck,4pickupmicro,4PickupMicro,Pickup / Micro Truck,4,Pickup / micro truck / delivery,4pickupmicro,1,Line 1,opposite,24.147,483,0.8883,9a43daf6-40d5-4754-b72b-d2e24af08e50,e2b5d1af-611f-418e-93d3-019b7b7ef4af,123,lembang,cikatomas pakidulan joszzz,,,177caa89-e1f6-4b79-a432-4135c290d29c,ch01_00000000152000000.mp4,
12,73,truck,4pickupmicro,4PickupMicro,Pickup / Micro Truck,4,Pickup / micro truck / delivery,4pickupmicro,2,Line 2,opposite,24.8469,497,0.8491,9a43daf6-40d5-4754-b72b-d2e24af08e50,e2b5d1af-611f-418e-93d3-019b7b7ef4af,123,lembang,cikatomas pakidulan joszzz,,,177caa89-e1f6-4b79-a432-4135c290d29c,ch01_00000000152000000.mp4,
13,94,motorcycle,1motor,1motor,Motorcycle,1,Motorcycle / 3-wheel vehicle,1motor,1,Line 1,opposite,25.4469,509,0.8679,9a43daf6-40d5-4754-b72b-d2e24af08e50,e2b5d1af-611f-418e-93d3-019b7b7ef4af,123,lembang,cikatomas pakidulan joszzz,,,177caa89-e1f6-4b79-a432-4135c290d29c,ch01_00000000152000000.mp4,
14,94,motorcycle,1motor,1motor,Motorcycle,1,Motorcycle / 3-wheel vehicle,1motor,2,Line 2,opposite,26.1468,523,0.662,9a43daf6-40d5-4754-b72b-d2e24af08e50,e2b5d1af-611f-418e-93d3-019b7b7ef4af,123,lembang,cikatomas pakidulan joszzz,,,177caa89-e1f6-4b79-a432-4135c290d29c,ch01_00000000152000000.mp4,
15,100,motorcycle,1motor,1motor,Motorcycle,1,Motorcycle / 3-wheel vehicle,1motor,2,Line 2,normal,26.1968,524,0.7329,9a43daf6-40d5-4754-b72b-d2e24af08e50,e2b5d1af-611f-418e-93d3-019b7b7ef4af,123,lembang,cikatomas pakidulan joszzz,,,177caa89-e1f6-4b79-a432-4135c290d29c,ch01_00000000152000000.mp4,
16,103,motorcycle,1motor,1motor,Motorcycle,1,Motorcycle / 3-wheel vehicle,1motor,1,Line 1,opposite,26.4467,529,0.872,9a43daf6-40d5-4754-b72b-d2e24af08e50,e2b5d1af-611f-418e-93d3-019b7b7ef4af,123,lembang,cikatomas pakidulan joszzz,,,177caa89-e1f6-4b79-a432-4135c290d29c,ch01_00000000152000000.mp4,
17,100,motorcycle,1motor,1motor,Motorcycle,1,Motorcycle / 3-wheel vehicle,1motor,1,Line 1,normal,27.0467,541,0.6746,9a43daf6-40d5-4754-b72b-d2e24af08e50,e2b5d1af-611f-418e-93d3-019b7b7ef4af,123,lembang,cikatomas pakidulan joszzz,,,177caa89-e1f6-4b79-a432-4135c290d29c,ch01_00000000152000000.mp4,
18,103,motorcycle,1motor,1motor,Motorcycle,1,Motorcycle / 3-wheel vehicle,1motor,2,Line 2,opposite,27.0966,542,0.8603,9a43daf6-40d5-4754-b72b-d2e24af08e50,e2b5d1af-611f-418e-93d3-019b7b7ef4af,123,lembang,cikatomas pakidulan joszzz,,,177caa89-e1f6-4b79-a432-4135c290d29c,ch01_00000000152000000.mp4,
19,129,motorcycle,1motor,1motor,Motorcycle,1,Motorcycle / 3-wheel vehicle,1motor,1,Line 1,opposite,27.9965,560,0.8736,9a43daf6-40d5-4754-b72b-d2e24af08e50,e2b5d1af-611f-418e-93d3-019b7b7ef4af,123,lembang,cikatomas pakidulan joszzz,,,177caa89-e1f6-4b79-a432-4135c290d29c,ch01_00000000152000000.mp4,
20,145,motorcycle,1motor,1motor,Motorcycle,1,Motorcycle / 3-wheel vehicle,1motor,2,Line 2,normal,28.4465,569,0.5526,9a43daf6-40d5-4754-b72b-d2e24af08e50,e2b5d1af-611f-418e-93d3-019b7b7ef4af,123,lembang,cikatomas pakidulan joszzz,,,177caa89-e1f6-4b79-a432-4135c290d29c,ch01_00000000152000000.mp4,
21,129,motorcycle,1motor,1motor,Motorcycle,1,Motorcycle / 3-wheel vehicle,1motor,2,Line 2,opposite,28.7464,575,0.8016,9a43daf6-40d5-4754-b72b-d2e24af08e50,e2b5d1af-611f-418e-93d3-019b7b7ef4af,123,lembang,cikatomas pakidulan joszzz,,,177caa89-e1f6-4b79-a432-4135c290d29c,ch01_00000000152000000.mp4,
22,151,motorcycle,1motor,1motor,Motorcycle,1,Motorcycle / 3-wheel vehicle,1motor,2,Line 2,normal,28.8964,578,0.7275,9a43daf6-40d5-4754-b72b-d2e24af08e50,e2b5d1af-611f-418e-93d3-019b7b7ef4af,123,lembang,cikatomas pakidulan joszzz,,,177caa89-e1f6-4b79-a432-4135c290d29c,ch01_00000000152000000.mp4,
23,163,motorcycle,1motor,1motor,Motorcycle,1,Motorcycle / 3-wheel vehicle,1motor,1,Line 1,opposite,29.4464,589,0.8621,9a43daf6-40d5-4754-b72b-d2e24af08e50,e2b5d1af-611f-418e-93d3-019b7b7ef4af,123,lembang,cikatomas pakidulan joszzz,,,177caa89-e1f6-4b79-a432-4135c290d29c,ch01_00000000152000000.mp4,
24,191,car,3ang_umum,3ang_umum,Public Transportation (Angkot),3,Medium passenger vehicle,3ang_umum,1,Line 1,normal,29.9463,599,0.6589,9a43daf6-40d5-4754-b72b-d2e24af08e50,e2b5d1af-611f-418e-93d3-019b7b7ef4af,123,lembang,cikatomas pakidulan joszzz,,,177caa89-e1f6-4b79-a432-4135c290d29c,ch01_00000000152000000.mp4,
25,147,motorcycle,1motor,1motor,Motorcycle,1,Motorcycle / 3-wheel vehicle,1motor,2,Line 2,normal,29.9963,600,0.6021,9a43daf6-40d5-4754-b72b-d2e24af08e50,e2b5d1af-611f-418e-93d3-019b7b7ef4af,123,lembang,cikatomas pakidulan joszzz,,,177caa89-e1f6-4b79-a432-4135c290d29c,ch01_00000000152000000.mp4,
26,192,motorcycle,1motor,1motor,Motorcycle,1,Motorcycle / 3-wheel vehicle,1motor,2,Line 2,opposite,30.3962,608,0.4481,9a43daf6-40d5-4754-b72b-d2e24af08e50,e2b5d1af-611f-418e-93d3-019b7b7ef4af,123,lembang,cikatomas pakidulan joszzz,,,177caa89-e1f6-4b79-a432-4135c290d29c,ch01_00000000152000000.mp4,
27,196,motorcycle,1motor,1motor,Motorcycle,1,Motorcycle / 3-wheel vehicle,1motor,1,Line 1,opposite,30.4462,609,0.8059,9a43daf6-40d5-4754-b72b-d2e24af08e50,e2b5d1af-611f-418e-93d3-019b7b7ef4af,123,lembang,cikatomas pakidulan joszzz,,,177caa89-e1f6-4b79-a432-4135c290d29c,ch01_00000000152000000.mp4,
28,226,motorcycle,1motor,1motor,Motorcycle,1,Motorcycle / 3-wheel vehicle,1motor,2,Line 2,opposite,31.3461,627,0.7834,9a43daf6-40d5-4754-b72b-d2e24af08e50,e2b5d1af-611f-418e-93d3-019b7b7ef4af,123,lembang,cikatomas pakidulan joszzz,,,177caa89-e1f6-4b79-a432-4135c290d29c,ch01_00000000152000000.mp4,
29,203,motorcycle,1motor,1motor,Motorcycle,1,Motorcycle / 3-wheel vehicle,1motor,1,Line 1,normal,32.396,648,0.8085,9a43daf6-40d5-4754-b72b-d2e24af08e50,e2b5d1af-611f-418e-93d3-019b7b7ef4af,123,lembang,cikatomas pakidulan joszzz,,,177caa89-e1f6-4b79-a432-4135c290d29c,ch01_00000000152000000.mp4,
30,238,car,2mobil,2mobil,Car / Sedan,2,Sedan / jeep / station wagon,2mobil,1,Line 1,normal,32.646,653,0.9072,9a43daf6-40d5-4754-b72b-d2e24af08e50,e2b5d1af-611f-418e-93d3-019b7b7ef4af,123,lembang,cikatomas pakidulan joszzz,,,177caa89-e1f6-4b79-a432-4135c290d29c,ch01_00000000152000000.mp4,
31,251,motorcycle,1motor,1motor,Motorcycle,1,Motorcycle / 3-wheel vehicle,1motor,1,Line 1,opposite,32.696,654,0.8746,9a43daf6-40d5-4754-b72b-d2e24af08e50,e2b5d1af-611f-418e-93d3-019b7b7ef4af,123,lembang,cikatomas pakidulan joszzz,,,177caa89-e1f6-4b79-a432-4135c290d29c,ch01_00000000152000000.mp4,
32,263,motorcycle,1motor,1motor,Motorcycle,1,Motorcycle / 3-wheel vehicle,1motor,1,Line 1,opposite,33.3459,667,0.8675,9a43daf6-40d5-4754-b72b-d2e24af08e50,e2b5d1af-611f-418e-93d3-019b7b7ef4af,123,lembang,cikatomas pakidulan joszzz,,,177caa89-e1f6-4b79-a432-4135c290d29c,ch01_00000000152000000.mp4,
33,203,motorcycle,1motor,1motor,Motorcycle,1,Motorcycle / 3-wheel vehicle,1motor,2,Line 2,opposite,33.3959,668,0.8653,9a43daf6-40d5-4754-b72b-d2e24af08e50,e2b5d1af-611f-418e-93d3-019b7b7ef4af,123,lembang,cikatomas pakidulan joszzz,,,177caa89-e1f6-4b79-a432-4135c290d29c,ch01_00000000152000000.mp4,
34,274,motorcycle,1motor,1motor,Motorcycle,1,Motorcycle / 3-wheel vehicle,1motor,1,Line 1,opposite,33.6458,673,0.8779,9a43daf6-40d5-4754-b72b-d2e24af08e50,e2b5d1af-611f-418e-93d3-019b7b7ef4af,123,lembang,cikatomas pakidulan joszzz,,,177caa89-e1f6-4b79-a432-4135c290d29c,ch01_00000000152000000.mp4,
35,251,motorcycle,1motor,1motor,Motorcycle,1,Motorcycle / 3-wheel vehicle,1motor,2,Line 2,opposite,33.7958,676,0.8486,9a43daf6-40d5-4754-b72b-d2e24af08e50,e2b5d1af-611f-418e-93d3-019b7b7ef4af,123,lembang,cikatomas pakidulan joszzz,,,177caa89-e1f6-4b79-a432-4135c290d29c,ch01_00000000152000000.mp4,
36,263,motorcycle,1motor,1motor,Motorcycle,1,Motorcycle / 3-wheel vehicle,1motor,2,Line 2,opposite,34.1458,683,0.8095,9a43daf6-40d5-4754-b72b-d2e24af08e50,e2b5d1af-611f-418e-93d3-019b7b7ef4af,123,lembang,cikatomas pakidulan joszzz,,,177caa89-e1f6-4b79-a432-4135c290d29c,ch01_00000000152000000.mp4,
37,274,motorcycle,1motor,1motor,Motorcycle,1,Motorcycle / 3-wheel vehicle,1motor,2,Line 2,opposite,34.3458,687,0.7489,9a43daf6-40d5-4754-b72b-d2e24af08e50,e2b5d1af-611f-418e-93d3-019b7b7ef4af,123,lembang,cikatomas pakidulan joszzz,,,177caa89-e1f6-4b79-a432-4135c290d29c,ch01_00000000152000000.mp4,
38,276,motorcycle,1motor,1motor,Motorcycle,1,Motorcycle / 3-wheel vehicle,1motor,1,Line 1,opposite,34.3957,688,0.8753,9a43daf6-40d5-4754-b72b-d2e24af08e50,e2b5d1af-611f-418e-93d3-019b7b7ef4af,123,lembang,cikatomas pakidulan joszzz,,,177caa89-e1f6-4b79-a432-4135c290d29c,ch01_00000000152000000.mp4,
39,290,motorcycle,1motor,1motor,Motorcycle,1,Motorcycle / 3-wheel vehicle,1motor,1,Line 1,opposite,35.0457,701,0.8746,9a43daf6-40d5-4754-b72b-d2e24af08e50,e2b5d1af-611f-418e-93d3-019b7b7ef4af,123,lembang,cikatomas pakidulan joszzz,,,177caa89-e1f6-4b79-a432-4135c290d29c,ch01_00000000152000000.mp4,
40,298,motorcycle,1motor,1motor,Motorcycle,1,Motorcycle / 3-wheel vehicle,1motor,2,Line 2,opposite,35.0957,702,0.5109,9a43daf6-40d5-4754-b72b-d2e24af08e50,e2b5d1af-611f-418e-93d3-019b7b7ef4af,123,lembang,cikatomas pakidulan joszzz,,,177caa89-e1f6-4b79-a432-4135c290d29c,ch01_00000000152000000.mp4,
41,276,motorcycle,1motor,1motor,Motorcycle,1,Motorcycle / 3-wheel vehicle,1motor,2,Line 2,opposite,35.2956,706,0.8254,9a43daf6-40d5-4754-b72b-d2e24af08e50,e2b5d1af-611f-418e-93d3-019b7b7ef4af,123,lembang,cikatomas pakidulan joszzz,,,177caa89-e1f6-4b79-a432-4135c290d29c,ch01_00000000152000000.mp4,
42,290,motorcycle,1motor,1motor,Motorcycle,1,Motorcycle / 3-wheel vehicle,1motor,2,Line 2,opposite,35.8956,718,0.8282,9a43daf6-40d5-4754-b72b-d2e24af08e50,e2b5d1af-611f-418e-93d3-019b7b7ef4af,123,lembang,cikatomas pakidulan joszzz,,,177caa89-e1f6-4b79-a432-4135c290d29c,ch01_00000000152000000.mp4,
43,18,motorcycle,1motor,1motor,Motorcycle,1,Motorcycle / 3-wheel vehicle,1motor,1,Line 1,opposite,37.1454,743,0.7233,9a43daf6-40d5-4754-b72b-d2e24af08e50,e2b5d1af-611f-418e-93d3-019b7b7ef4af,123,lembang,cikatomas pakidulan joszzz,,,177caa89-e1f6-4b79-a432-4135c290d29c,ch01_00000000152000000.mp4,
44,20,motorcycle,1motor,1motor,Motorcycle,1,Motorcycle / 3-wheel vehicle,1motor,1,Line 1,opposite,37.7953,756,0.9368,9a43daf6-40d5-4754-b72b-d2e24af08e50,e2b5d1af-611f-418e-93d3-019b7b7ef4af,123,lembang,cikatomas pakidulan joszzz,,,177caa89-e1f6-4b79-a432-4135c290d29c,ch01_00000000152000000.mp4,
45,18,motorcycle,1motor,1motor,Motorcycle,1,Motorcycle / 3-wheel vehicle,1motor,2,Line 2,opposite,37.9953,760,0.7736,9a43daf6-40d5-4754-b72b-d2e24af08e50,e2b5d1af-611f-418e-93d3-019b7b7ef4af,123,lembang,cikatomas pakidulan joszzz,,,177caa89-e1f6-4b79-a432-4135c290d29c,ch01_00000000152000000.mp4,
46,42,truck,6tr_2sumbu,6TR_2sumbu,2-Axle Truck (Jumbo),6,2-Axle Truck,6tr_2sumbu,1,Line 1,opposite,38.3453,767,0.8707,9a43daf6-40d5-4754-b72b-d2e24af08e50,e2b5d1af-611f-418e-93d3-019b7b7ef4af,123,lembang,cikatomas pakidulan joszzz,,,177caa89-e1f6-4b79-a432-4135c290d29c,ch01_00000000152000000.mp4,
47,20,motorcycle,1motor,1motor,Motorcycle,1,Motorcycle / 3-wheel vehicle,1motor,2,Line 2,opposite,38.7952,776,0.9063,9a43daf6-40d5-4754-b72b-d2e24af08e50,e2b5d1af-611f-418e-93d3-019b7b7ef4af,123,lembang,cikatomas pakidulan joszzz,,,177caa89-e1f6-4b79-a432-4135c290d29c,ch01_00000000152000000.mp4,
48,42,truck,6tr_2sumbu,6TR_2sumbu,2-Axle Truck (Jumbo),6,2-Axle Truck,6tr_2sumbu,2,Line 2,opposite,39.1452,783,0.8345,9a43daf6-40d5-4754-b72b-d2e24af08e50,e2b5d1af-611f-418e-93d3-019b7b7ef4af,123,lembang,cikatomas pakidulan joszzz,,,177caa89-e1f6-4b79-a432-4135c290d29c,ch01_00000000152000000.mp4,
49,57,car,2mobil,2mobil,Car / Sedan,2,Sedan / jeep / station wagon,2mobil,1,Line 1,opposite,39.2951,786,0.9313,9a43daf6-40d5-4754-b72b-d2e24af08e50,e2b5d1af-611f-418e-93d3-019b7b7ef4af,123,lembang,cikatomas pakidulan joszzz,,,177caa89-e1f6-4b79-a432-4135c290d29c,ch01_00000000152000000.mp4,
50,70,motorcycle,1motor,1motor,Motorcycle,1,Motorcycle / 3-wheel vehicle,1motor,1,Line 1,opposite,39.6951,794,0.8816,9a43daf6-40d5-4754-b72b-d2e24af08e50,e2b5d1af-611f-418e-93d3-019b7b7ef4af,123,lembang,cikatomas pakidulan joszzz,,,177caa89-e1f6-4b79-a432-4135c290d29c,ch01_00000000152000000.mp4,
51,78,motorcycle,1motor,1motor,Motorcycle,1,Motorcycle / 3-wheel vehicle,1motor,1,Line 1,opposite,40.195,804,0.8886,9a43daf6-40d5-4754-b72b-d2e24af08e50,e2b5d1af-611f-418e-93d3-019b7b7ef4af,123,lembang,cikatomas pakidulan joszzz,,,177caa89-e1f6-4b79-a432-4135c290d29c,ch01_00000000152000000.mp4,
52,57,car,2mobil,2mobil,Car / Sedan,2,Sedan / jeep / station wagon,2mobil,2,Line 2,opposite,40.395,808,0.9086,9a43daf6-40d5-4754-b72b-d2e24af08e50,e2b5d1af-611f-418e-93d3-019b7b7ef4af,123,lembang,cikatomas pakidulan joszzz,,,177caa89-e1f6-4b79-a432-4135c290d29c,ch01_00000000152000000.mp4,
53,80,motorcycle,1motor,1motor,Motorcycle,1,Motorcycle / 3-wheel vehicle,1motor,1,Line 1,opposite,40.645,813,0.9307,9a43daf6-40d5-4754-b72b-d2e24af08e50,e2b5d1af-611f-418e-93d3-019b7b7ef4af,123,lembang,cikatomas pakidulan joszzz,,,177caa89-e1f6-4b79-a432-4135c290d29c,ch01_00000000152000000.mp4,
54,70,motorcycle,1motor,1motor,Motorcycle,1,Motorcycle / 3-wheel vehicle,1motor,2,Line 2,opposite,40.645,813,0.8429,9a43daf6-40d5-4754-b72b-d2e24af08e50,e2b5d1af-611f-418e-93d3-019b7b7ef4af,123,lembang,cikatomas pakidulan joszzz,,,177caa89-e1f6-4b79-a432-4135c290d29c,ch01_00000000152000000.mp4,
55,78,motorcycle,1motor,1motor,Motorcycle,1,Motorcycle / 3-wheel vehicle,1motor,2,Line 2,opposite,40.9449,819,0.8032,9a43daf6-40d5-4754-b72b-d2e24af08e50,e2b5d1af-611f-418e-93d3-019b7b7ef4af,123,lembang,cikatomas pakidulan joszzz,,,177caa89-e1f6-4b79-a432-4135c290d29c,ch01_00000000152000000.mp4,
56,80,motorcycle,1motor,1motor,Motorcycle,1,Motorcycle / 3-wheel vehicle,1motor,2,Line 2,opposite,41.6948,834,0.9196,9a43daf6-40d5-4754-b72b-d2e24af08e50,e2b5d1af-611f-418e-93d3-019b7b7ef4af,123,lembang,cikatomas pakidulan joszzz,,,177caa89-e1f6-4b79-a432-4135c290d29c,ch01_00000000152000000.mp4,
57,173,motorcycle,1motor,1motor,Motorcycle,1,Motorcycle / 3-wheel vehicle,1motor,1,Line 1,opposite,43.4446,869,0.817,9a43daf6-40d5-4754-b72b-d2e24af08e50,e2b5d1af-611f-418e-93d3-019b7b7ef4af,123,lembang,cikatomas pakidulan joszzz,,,177caa89-e1f6-4b79-a432-4135c290d29c,ch01_00000000152000000.mp4,
58,189,motorcycle,1motor,1motor,Motorcycle,1,Motorcycle / 3-wheel vehicle,1motor,1,Line 1,opposite,43.7946,876,0.7762,9a43daf6-40d5-4754-b72b-d2e24af08e50,e2b5d1af-611f-418e-93d3-019b7b7ef4af,123,lembang,cikatomas pakidulan joszzz,,,177caa89-e1f6-4b79-a432-4135c290d29c,ch01_00000000152000000.mp4,
59,173,motorcycle,1motor,1motor,Motorcycle,1,Motorcycle / 3-wheel vehicle,1motor,2,Line 2,opposite,44.2945,886,0.7729,9a43daf6-40d5-4754-b72b-d2e24af08e50,e2b5d1af-611f-418e-93d3-019b7b7ef4af,123,lembang,cikatomas pakidulan joszzz,,,177caa89-e1f6-4b79-a432-4135c290d29c,ch01_00000000152000000.mp4,
60,189,motorcycle,1motor,1motor,Motorcycle,1,Motorcycle / 3-wheel vehicle,1motor,2,Line 2,opposite,44.3445,887,0.8597,9a43daf6-40d5-4754-b72b-d2e24af08e50,e2b5d1af-611f-418e-93d3-019b7b7ef4af,123,lembang,cikatomas pakidulan joszzz,,,177caa89-e1f6-4b79-a432-4135c290d29c,ch01_00000000152000000.mp4,
61,199,car,3ang_umum,3ang_umum,Public Transportation (Angkot),3,Medium passenger vehicle,3ang_umum,1,Line 1,opposite,44.6445,893,0.4505,9a43daf6-40d5-4754-b72b-d2e24af08e50,e2b5d1af-611f-418e-93d3-019b7b7ef4af,123,lembang,cikatomas pakidulan joszzz,,,177caa89-e1f6-4b79-a432-4135c290d29c,ch01_00000000152000000.mp4,
62,218,car,3ang_umum,3ang_umum,Public Transportation (Angkot),3,Medium passenger vehicle,3ang_umum,2,Line 2,opposite,45.4444,909,0.8339,9a43daf6-40d5-4754-b72b-d2e24af08e50,e2b5d1af-611f-418e-93d3-019b7b7ef4af,123,lembang,cikatomas pakidulan joszzz,,,177caa89-e1f6-4b79-a432-4135c290d29c,ch01_00000000152000000.mp4,
63,245,motorcycle,1motor,1motor,Motorcycle,1,Motorcycle / 3-wheel vehicle,1motor,2,Line 2,normal,46.4942,930,0.7987,9a43daf6-40d5-4754-b72b-d2e24af08e50,e2b5d1af-611f-418e-93d3-019b7b7ef4af,123,lembang,cikatomas pakidulan joszzz,,,177caa89-e1f6-4b79-a432-4135c290d29c,ch01_00000000152000000.mp4,
64,248,motorcycle,1motor,1motor,Motorcycle,1,Motorcycle / 3-wheel vehicle,1motor,1,Line 1,opposite,46.6942,934,0.8834,9a43daf6-40d5-4754-b72b-d2e24af08e50,e2b5d1af-611f-418e-93d3-019b7b7ef4af,123,lembang,cikatomas pakidulan joszzz,,,177caa89-e1f6-4b79-a432-4135c290d29c,ch01_00000000152000000.mp4,
65,248,motorcycle,1motor,1motor,Motorcycle,1,Motorcycle / 3-wheel vehicle,1motor,2,Line 2,opposite,47.5441,951,0.8503,9a43daf6-40d5-4754-b72b-d2e24af08e50,e2b5d1af-611f-418e-93d3-019b7b7ef4af,123,lembang,cikatomas pakidulan joszzz,,,177caa89-e1f6-4b79-a432-4135c290d29c,ch01_00000000152000000.mp4,
66,245,motorcycle,1motor,1motor,Motorcycle,1,Motorcycle / 3-wheel vehicle,1motor,1,Line 1,normal,48.844,977,0.8497,9a43daf6-40d5-4754-b72b-d2e24af08e50,e2b5d1af-611f-418e-93d3-019b7b7ef4af,123,lembang,cikatomas pakidulan joszzz,,,177caa89-e1f6-4b79-a432-4135c290d29c,ch01_00000000152000000.mp4,
67,26,car,2mobil,2mobil,Car / Sedan,2,Sedan / jeep / station wagon,2mobil,1,Line 1,normal,49.6439,993,0.7403,9a43daf6-40d5-4754-b72b-d2e24af08e50,e2b5d1af-611f-418e-93d3-019b7b7ef4af,123,lembang,cikatomas pakidulan joszzz,,,177caa89-e1f6-4b79-a432-4135c290d29c,ch01_00000000152000000.mp4,
68,26,car,2mobil,2mobil,Car / Sedan,2,Sedan / jeep / station wagon,2mobil,2,Line 2,normal,49.6439,993,0.7403,9a43daf6-40d5-4754-b72b-d2e24af08e50,e2b5d1af-611f-418e-93d3-019b7b7ef4af,123,lembang,cikatomas pakidulan joszzz,,,177caa89-e1f6-4b79-a432-4135c290d29c,ch01_00000000152000000.mp4,
69,79,motorcycle,1motor,1motor,Motorcycle,1,Motorcycle / 3-wheel vehicle,1motor,1,Line 1,opposite,52.9934,1060,0.8539,9a43daf6-40d5-4754-b72b-d2e24af08e50,e2b5d1af-611f-418e-93d3-019b7b7ef4af,123,lembang,cikatomas pakidulan joszzz,,,177caa89-e1f6-4b79-a432-4135c290d29c,ch01_00000000152000000.mp4,
70,86,truck,4pickupmicro,4PickupMicro,Pickup / Micro Truck,4,Pickup / micro truck / delivery,4pickupmicro,1,Line 1,opposite,53.5934,1072,0.9321,9a43daf6-40d5-4754-b72b-d2e24af08e50,e2b5d1af-611f-418e-93d3-019b7b7ef4af,123,lembang,cikatomas pakidulan joszzz,,,177caa89-e1f6-4b79-a432-4135c290d29c,ch01_00000000152000000.mp4,
71,79,motorcycle,1motor,1motor,Motorcycle,1,Motorcycle / 3-wheel vehicle,1motor,2,Line 2,opposite,54.2433,1085,0.6077,9a43daf6-40d5-4754-b72b-d2e24af08e50,e2b5d1af-611f-418e-93d3-019b7b7ef4af,123,lembang,cikatomas pakidulan joszzz,,,177caa89-e1f6-4b79-a432-4135c290d29c,ch01_00000000152000000.mp4,
72,86,truck,4pickupmicro,4PickupMicro,Pickup / Micro Truck,4,Pickup / micro truck / delivery,4pickupmicro,2,Line 2,opposite,54.2933,1086,0.905,9a43daf6-40d5-4754-b72b-d2e24af08e50,e2b5d1af-611f-418e-93d3-019b7b7ef4af,123,lembang,cikatomas pakidulan joszzz,,,177caa89-e1f6-4b79-a432-4135c290d29c,ch01_00000000152000000.mp4,
73,123,motorcycle,1motor,1motor,Motorcycle,1,Motorcycle / 3-wheel vehicle,1motor,2,Line 2,normal,54.5932,1092,0.6851,9a43daf6-40d5-4754-b72b-d2e24af08e50,e2b5d1af-611f-418e-93d3-019b7b7ef4af,123,lembang,cikatomas pakidulan joszzz,,,177caa89-e1f6-4b79-a432-4135c290d29c,ch01_00000000152000000.mp4,
74,120,car,2mobil,2mobil,Car / Sedan,2,Sedan / jeep / station wagon,2mobil,1,Line 1,opposite,54.8432,1097,0.8806,9a43daf6-40d5-4754-b72b-d2e24af08e50,e2b5d1af-611f-418e-93d3-019b7b7ef4af,123,lembang,cikatomas pakidulan joszzz,,,177caa89-e1f6-4b79-a432-4135c290d29c,ch01_00000000152000000.mp4,
75,120,car,2mobil,2mobil,Car / Sedan,2,Sedan / jeep / station wagon,2mobil,2,Line 2,opposite,55.4431,1109,0.8346,9a43daf6-40d5-4754-b72b-d2e24af08e50,e2b5d1af-611f-418e-93d3-019b7b7ef4af,123,lembang,cikatomas pakidulan joszzz,,,177caa89-e1f6-4b79-a432-4135c290d29c,ch01_00000000152000000.mp4,
76,146,motorcycle,1motor,1motor,Motorcycle,1,Motorcycle / 3-wheel vehicle,1motor,1,Line 1,normal,55.6931,1114,0.7573,9a43daf6-40d5-4754-b72b-d2e24af08e50,e2b5d1af-611f-418e-93d3-019b7b7ef4af,123,lembang,cikatomas pakidulan joszzz,,,177caa89-e1f6-4b79-a432-4135c290d29c,ch01_00000000152000000.mp4,
77,146,motorcycle,1motor,1motor,Motorcycle,1,Motorcycle / 3-wheel vehicle,1motor,2,Line 2,opposite,56.643,1133,0.8226,9a43daf6-40d5-4754-b72b-d2e24af08e50,e2b5d1af-611f-418e-93d3-019b7b7ef4af,123,lembang,cikatomas pakidulan joszzz,,,177caa89-e1f6-4b79-a432-4135c290d29c,ch01_00000000152000000.mp4,
78,197,motorcycle,1motor,1motor,Motorcycle,1,Motorcycle / 3-wheel vehicle,1motor,1,Line 1,opposite,57.5929,1152,0.8892,9a43daf6-40d5-4754-b72b-d2e24af08e50,e2b5d1af-611f-418e-93d3-019b7b7ef4af,123,lembang,cikatomas pakidulan joszzz,,,177caa89-e1f6-4b79-a432-4135c290d29c,ch01_00000000152000000.mp4,
79,12,motorcycle,1motor,1motor,Motorcycle,1,Motorcycle / 3-wheel vehicle,1motor,1,Line 1,opposite,58.1428,1163,0.5684,9a43daf6-40d5-4754-b72b-d2e24af08e50,e2b5d1af-611f-418e-93d3-019b7b7ef4af,123,lembang,cikatomas pakidulan joszzz,,,177caa89-e1f6-4b79-a432-4135c290d29c,ch01_00000000152000000.mp4,
80,89,car,3ang_umum,3ang_umum,Public Transportation (Angkot),3,Medium passenger vehicle,3ang_umum,1,Line 1,normal,60.3425,1207,0.4125,9a43daf6-40d5-4754-b72b-d2e24af08e50,e2b5d1af-611f-418e-93d3-019b7b7ef4af,123,lembang,cikatomas pakidulan joszzz,,,177caa89-e1f6-4b79-a432-4135c290d29c,ch01_00000000152000000.mp4,
81,124,motorcycle,1motor,1motor,Motorcycle,1,Motorcycle / 3-wheel vehicle,1motor,1,Line 1,opposite,61.6924,1234,0.8554,9a43daf6-40d5-4754-b72b-d2e24af08e50,e2b5d1af-611f-418e-93d3-019b7b7ef4af,123,lembang,cikatomas pakidulan joszzz,,,177caa89-e1f6-4b79-a432-4135c290d29c,ch01_00000000152000000.mp4,
82,124,motorcycle,1motor,1motor,Motorcycle,1,Motorcycle / 3-wheel vehicle,1motor,2,Line 2,opposite,62.3923,1248,0.8556,9a43daf6-40d5-4754-b72b-d2e24af08e50,e2b5d1af-611f-418e-93d3-019b7b7ef4af,123,lembang,cikatomas pakidulan joszzz,,,177caa89-e1f6-4b79-a432-4135c290d29c,ch01_00000000152000000.mp4,
83,155,truck,4pickupmicro,4PickupMicro,Pickup / Micro Truck,4,Pickup / micro truck / delivery,4pickupmicro,1,Line 1,opposite,63.0422,1261,0.9337,9a43daf6-40d5-4754-b72b-d2e24af08e50,e2b5d1af-611f-418e-93d3-019b7b7ef4af,123,lembang,cikatomas pakidulan joszzz,,,177caa89-e1f6-4b79-a432-4135c290d29c,ch01_00000000152000000.mp4,
84,155,truck,4pickupmicro,4PickupMicro,Pickup / Micro Truck,4,Pickup / micro truck / delivery,4pickupmicro,2,Line 2,opposite,64.0921,1282,0.9178,9a43daf6-40d5-4754-b72b-d2e24af08e50,e2b5d1af-611f-418e-93d3-019b7b7ef4af,123,lembang,cikatomas pakidulan joszzz,,,177caa89-e1f6-4b79-a432-4135c290d29c,ch01_00000000152000000.mp4,
85,213,car,2mobil,2mobil,Car / Sedan,2,Sedan / jeep / station wagon,2mobil,1,Line 1,opposite,64.692,1294,0.9345,9a43daf6-40d5-4754-b72b-d2e24af08e50,e2b5d1af-611f-418e-93d3-019b7b7ef4af,123,lembang,cikatomas pakidulan joszzz,,,177caa89-e1f6-4b79-a432-4135c290d29c,ch01_00000000152000000.mp4,
86,256,car,2mobil,2mobil,Car / Sedan,2,Sedan / jeep / station wagon,2mobil,2,Line 2,opposite,65.6419,1313,0.9142,9a43daf6-40d5-4754-b72b-d2e24af08e50,e2b5d1af-611f-418e-93d3-019b7b7ef4af,123,lembang,cikatomas pakidulan joszzz,,,177caa89-e1f6-4b79-a432-4135c290d29c,ch01_00000000152000000.mp4,
87,298,motorcycle,1motor,1motor,Motorcycle,1,Motorcycle / 3-wheel vehicle,1motor,1,Line 1,normal,66.1418,1323,0.6995,9a43daf6-40d5-4754-b72b-d2e24af08e50,e2b5d1af-611f-418e-93d3-019b7b7ef4af,123,lembang,cikatomas pakidulan joszzz,,,177caa89-e1f6-4b79-a432-4135c290d29c,ch01_00000000152000000.mp4,
88,257,car,2mobil,2mobil,Car / Sedan,2,Sedan / jeep / station wagon,2mobil,1,Line 1,opposite,66.2418,1325,0.9372,9a43daf6-40d5-4754-b72b-d2e24af08e50,e2b5d1af-611f-418e-93d3-019b7b7ef4af,123,lembang,cikatomas pakidulan joszzz,,,177caa89-e1f6-4b79-a432-4135c290d29c,ch01_00000000152000000.mp4,
89,257,car,2mobil,2mobil,Car / Sedan,2,Sedan / jeep / station wagon,2mobil,2,Line 2,opposite,67.2917,1346,0.9111,9a43daf6-40d5-4754-b72b-d2e24af08e50,e2b5d1af-611f-418e-93d3-019b7b7ef4af,123,lembang,cikatomas pakidulan joszzz,,,177caa89-e1f6-4b79-a432-4135c290d29c,ch01_00000000152000000.mp4,
90,343,motorcycle,1motor,1motor,Motorcycle,1,Motorcycle / 3-wheel vehicle,1motor,2,Line 2,normal,67.3417,1347,0.6431,9a43daf6-40d5-4754-b72b-d2e24af08e50,e2b5d1af-611f-418e-93d3-019b7b7ef4af,123,lembang,cikatomas pakidulan joszzz,,,177caa89-e1f6-4b79-a432-4135c290d29c,ch01_00000000152000000.mp4,
91,371,truck,4pickupmicro,4PickupMicro,Pickup / Micro Truck,4,Pickup / micro truck / delivery,4pickupmicro,1,Line 1,opposite,68.4415,1369,0.9326,9a43daf6-40d5-4754-b72b-d2e24af08e50,e2b5d1af-611f-418e-93d3-019b7b7ef4af,123,lembang,cikatomas pakidulan joszzz,,,177caa89-e1f6-4b79-a432-4135c290d29c,ch01_00000000152000000.mp4,
92,25,motorcycle,1motor,1motor,Motorcycle,1,Motorcycle / 3-wheel vehicle,1motor,1,Line 1,normal,68.6415,1373,0.7752,9a43daf6-40d5-4754-b72b-d2e24af08e50,e2b5d1af-611f-418e-93d3-019b7b7ef4af,123,lembang,cikatomas pakidulan joszzz,,,177caa89-e1f6-4b79-a432-4135c290d29c,ch01_00000000152000000.mp4,
93,371,truck,4pickupmicro,4PickupMicro,Pickup / Micro Truck,4,Pickup / micro truck / delivery,4pickupmicro,2,Line 2,opposite,69.4414,1389,0.9222,9a43daf6-40d5-4754-b72b-d2e24af08e50,e2b5d1af-611f-418e-93d3-019b7b7ef4af,123,lembang,cikatomas pakidulan joszzz,,,177caa89-e1f6-4b79-a432-4135c290d29c,ch01_00000000152000000.mp4,
94,107,motorcycle,1motor,1motor,Motorcycle,1,Motorcycle / 3-wheel vehicle,1motor,2,Line 2,opposite,70.3413,1407,0.843,9a43daf6-40d5-4754-b72b-d2e24af08e50,e2b5d1af-611f-418e-93d3-019b7b7ef4af,123,lembang,cikatomas pakidulan joszzz,,,177caa89-e1f6-4b79-a432-4135c290d29c,ch01_00000000152000000.mp4,
95,157,motorcycle,1motor,1motor,Motorcycle,1,Motorcycle / 3-wheel vehicle,1motor,1,Line 1,opposite,70.6913,1414,0.8847,9a43daf6-40d5-4754-b72b-d2e24af08e50,e2b5d1af-611f-418e-93d3-019b7b7ef4af,123,lembang,cikatomas pakidulan joszzz,,,177caa89-e1f6-4b79-a432-4135c290d29c,ch01_00000000152000000.mp4,
96,157,motorcycle,1motor,1motor,Motorcycle,1,Motorcycle / 3-wheel vehicle,1motor,2,Line 2,opposite,71.2912,1426,0.8273,9a43daf6-40d5-4754-b72b-d2e24af08e50,e2b5d1af-611f-418e-93d3-019b7b7ef4af,123,lembang,cikatomas pakidulan joszzz,,,177caa89-e1f6-4b79-a432-4135c290d29c,ch01_00000000152000000.mp4,
97,243,motorcycle,1motor,1motor,Motorcycle,1,Motorcycle / 3-wheel vehicle,1motor,1,Line 1,opposite,73.4409,1469,0.8654,9a43daf6-40d5-4754-b72b-d2e24af08e50,e2b5d1af-611f-418e-93d3-019b7b7ef4af,123,lembang,cikatomas pakidulan joszzz,,,177caa89-e1f6-4b79-a432-4135c290d29c,ch01_00000000152000000.mp4,
98,243,motorcycle,1motor,1motor,Motorcycle,1,Motorcycle / 3-wheel vehicle,1motor,2,Line 2,opposite,74.5408,1491,0.8607,9a43daf6-40d5-4754-b72b-d2e24af08e50,e2b5d1af-611f-418e-93d3-019b7b7ef4af,123,lembang,cikatomas pakidulan joszzz,,,177caa89-e1f6-4b79-a432-4135c290d29c,ch01_00000000152000000.mp4,
99,327,motorcycle,1motor,1motor,Motorcycle,1,Motorcycle / 3-wheel vehicle,1motor,1,Line 1,opposite,74.8407,1497,0.9036,9a43daf6-40d5-4754-b72b-d2e24af08e50,e2b5d1af-611f-418e-93d3-019b7b7ef4af,123,lembang,cikatomas pakidulan joszzz,,,177caa89-e1f6-4b79-a432-4135c290d29c,ch01_00000000152000000.mp4,
100,365,motorcycle,1motor,1motor,Motorcycle,1,Motorcycle / 3-wheel vehicle,1motor,1,Line 1,opposite,75.6906,1514,0.8899,9a43daf6-40d5-4754-b72b-d2e24af08e50,e2b5d1af-611f-418e-93d3-019b7b7ef4af,123,lembang,cikatomas pakidulan joszzz,,,177caa89-e1f6-4b79-a432-4135c290d29c,ch01_00000000152000000.mp4,
101,327,motorcycle,1motor,1motor,Motorcycle,1,Motorcycle / 3-wheel vehicle,1motor,2,Line 2,opposite,75.7406,1515,0.8544,9a43daf6-40d5-4754-b72b-d2e24af08e50,e2b5d1af-611f-418e-93d3-019b7b7ef4af,123,lembang,cikatomas pakidulan joszzz,,,177caa89-e1f6-4b79-a432-4135c290d29c,ch01_00000000152000000.mp4,
102,365,motorcycle,1motor,1motor,Motorcycle,1,Motorcycle / 3-wheel vehicle,1motor,2,Line 2,opposite,76.5905,1532,0.8612,9a43daf6-40d5-4754-b72b-d2e24af08e50,e2b5d1af-611f-418e-93d3-019b7b7ef4af,123,lembang,cikatomas pakidulan joszzz,,,177caa89-e1f6-4b79-a432-4135c290d29c,ch01_00000000152000000.mp4,
103,67,truck,6tr_2sumbu,6TR_2sumbu,2-Axle Truck (Jumbo),6,2-Axle Truck,6tr_2sumbu,2,Line 2,normal,83.3397,1667,0.7783,9a43daf6-40d5-4754-b72b-d2e24af08e50,e2b5d1af-611f-418e-93d3-019b7b7ef4af,123,lembang,cikatomas pakidulan joszzz,,,177caa89-e1f6-4b79-a432-4135c290d29c,ch01_00000000152000000.mp4,
104,67,truck,6tr_2sumbu,6TR_2sumbu,2-Axle Truck (Jumbo),6,2-Axle Truck,6tr_2sumbu,1,Line 1,normal,85.1895,1704,0.9334,9a43daf6-40d5-4754-b72b-d2e24af08e50,e2b5d1af-611f-418e-93d3-019b7b7ef4af,123,lembang,cikatomas pakidulan joszzz,,,177caa89-e1f6-4b79-a432-4135c290d29c,ch01_00000000152000000.mp4,
105,373,motorcycle,1motor,1motor,Motorcycle,1,Motorcycle / 3-wheel vehicle,1motor,2,Line 2,opposite,87.3392,1747,0.7723,9a43daf6-40d5-4754-b72b-d2e24af08e50,e2b5d1af-611f-418e-93d3-019b7b7ef4af,123,lembang,cikatomas pakidulan joszzz,,,177caa89-e1f6-4b79-a432-4135c290d29c,ch01_00000000152000000.mp4,
106,626,motorcycle,1motor,1motor,Motorcycle,1,Motorcycle / 3-wheel vehicle,1motor,2,Line 2,normal,91.6887,1834,0.6715,9a43daf6-40d5-4754-b72b-d2e24af08e50,e2b5d1af-611f-418e-93d3-019b7b7ef4af,123,lembang,cikatomas pakidulan joszzz,,,177caa89-e1f6-4b79-a432-4135c290d29c,ch01_00000000152000000.mp4,
107,924,motorcycle,1motor,1motor,Motorcycle,1,Motorcycle / 3-wheel vehicle,1motor,1,Line 1,opposite,96.0381,1921,0.8643,9a43daf6-40d5-4754-b72b-d2e24af08e50,e2b5d1af-611f-418e-93d3-019b7b7ef4af,123,lembang,cikatomas pakidulan joszzz,,,177caa89-e1f6-4b79-a432-4135c290d29c,ch01_00000000152000000.mp4,
108,924,motorcycle,1motor,1motor,Motorcycle,1,Motorcycle / 3-wheel vehicle,1motor,2,Line 2,opposite,96.738,1935,0.8416,9a43daf6-40d5-4754-b72b-d2e24af08e50,e2b5d1af-611f-418e-93d3-019b7b7ef4af,123,lembang,cikatomas pakidulan joszzz,,,177caa89-e1f6-4b79-a432-4135c290d29c,ch01_00000000152000000.mp4,
109,1883,motorcycle,1motor,1motor,Motorcycle,1,Motorcycle / 3-wheel vehicle,1motor,1,Line 1,opposite,111.7362,2235,0.882,9a43daf6-40d5-4754-b72b-d2e24af08e50,e2b5d1af-611f-418e-93d3-019b7b7ef4af,123,lembang,cikatomas pakidulan joszzz,,,177caa89-e1f6-4b79-a432-4135c290d29c,ch01_00000000152000000.mp4,
110,1883,motorcycle,1motor,1motor,Motorcycle,1,Motorcycle / 3-wheel vehicle,1motor,2,Line 2,opposite,112.4361,2249,0.8467,9a43daf6-40d5-4754-b72b-d2e24af08e50,e2b5d1af-611f-418e-93d3-019b7b7ef4af,123,lembang,cikatomas pakidulan joszzz,,,177caa89-e1f6-4b79-a432-4135c290d29c,ch01_00000000152000000.mp4,
111,2275,car,3ang_umum,3ang_umum,Public Transportation (Angkot),3,Medium passenger vehicle,3ang_umum,2,Line 2,normal,117.9854,2360,0.8642,9a43daf6-40d5-4754-b72b-d2e24af08e50,e2b5d1af-611f-418e-93d3-019b7b7ef4af,123,lembang,cikatomas pakidulan joszzz,,,177caa89-e1f6-4b79-a432-4135c290d29c,ch01_00000000152000000.mp4,
112,2372,motorcycle,1motor,1motor,Motorcycle,1,Motorcycle / 3-wheel vehicle,1motor,2,Line 2,normal,119.0853,2382,0.6741,9a43daf6-40d5-4754-b72b-d2e24af08e50,e2b5d1af-611f-418e-93d3-019b7b7ef4af,123,lembang,cikatomas pakidulan joszzz,,,177caa89-e1f6-4b79-a432-4135c290d29c,ch01_00000000152000000.mp4,
113,2275,car,3ang_umum,3ang_umum,Public Transportation (Angkot),3,Medium passenger vehicle,3ang_umum,1,Line 1,normal,119.3852,2388,0.9153,9a43daf6-40d5-4754-b72b-d2e24af08e50,e2b5d1af-611f-418e-93d3-019b7b7ef4af,123,lembang,cikatomas pakidulan joszzz,,,177caa89-e1f6-4b79-a432-4135c290d29c,ch01_00000000152000000.mp4,
114,2486,motorcycle,1motor,1motor,Motorcycle,1,Motorcycle / 3-wheel vehicle,1motor,1,Line 1,opposite,120.5851,2412,0.7735,9a43daf6-40d5-4754-b72b-d2e24af08e50,e2b5d1af-611f-418e-93d3-019b7b7ef4af,123,lembang,cikatomas pakidulan joszzz,,,177caa89-e1f6-4b79-a432-4135c290d29c,ch01_00000000152000000.mp4,
115,2517,car,2mobil,2mobil,Car / Sedan,2,Sedan / jeep / station wagon,2mobil,1,Line 1,opposite,121.035,2421,0.9122,9a43daf6-40d5-4754-b72b-d2e24af08e50,e2b5d1af-611f-418e-93d3-019b7b7ef4af,123,lembang,cikatomas pakidulan joszzz,,,177caa89-e1f6-4b79-a432-4135c290d29c,ch01_00000000152000000.mp4,
116,2486,motorcycle,1motor,1motor,Motorcycle,1,Motorcycle / 3-wheel vehicle,1motor,2,Line 2,opposite,121.235,2425,0.8144,9a43daf6-40d5-4754-b72b-d2e24af08e50,e2b5d1af-611f-418e-93d3-019b7b7ef4af,123,lembang,cikatomas pakidulan joszzz,,,177caa89-e1f6-4b79-a432-4135c290d29c,ch01_00000000152000000.mp4,
117,2517,car,2mobil,2mobil,Car / Sedan,2,Sedan / jeep / station wagon,2mobil,2,Line 2,opposite,121.535,2431,0.9116,9a43daf6-40d5-4754-b72b-d2e24af08e50,e2b5d1af-611f-418e-93d3-019b7b7ef4af,123,lembang,cikatomas pakidulan joszzz,,,177caa89-e1f6-4b79-a432-4135c290d29c,ch01_00000000152000000.mp4,
118,2762,motorcycle,1motor,1motor,Motorcycle,1,Motorcycle / 3-wheel vehicle,1motor,2,Line 2,normal,124.9845,2500,0.6889,9a43daf6-40d5-4754-b72b-d2e24af08e50,e2b5d1af-611f-418e-93d3-019b7b7ef4af,123,lembang,cikatomas pakidulan joszzz,,,177caa89-e1f6-4b79-a432-4135c290d29c,ch01_00000000152000000.mp4,
119,2858,motorcycle,1motor,1motor,Motorcycle,1,Motorcycle / 3-wheel vehicle,1motor,2,Line 2,normal,126.6343,2533,0.6844,9a43daf6-40d5-4754-b72b-d2e24af08e50,e2b5d1af-611f-418e-93d3-019b7b7ef4af,123,lembang,cikatomas pakidulan joszzz,,,177caa89-e1f6-4b79-a432-4135c290d29c,ch01_00000000152000000.mp4,
120,2858,motorcycle,1motor,1motor,Motorcycle,1,Motorcycle / 3-wheel vehicle,1motor,1,Line 1,normal,127.2343,2545,0.7701,9a43daf6-40d5-4754-b72b-d2e24af08e50,e2b5d1af-611f-418e-93d3-019b7b7ef4af,123,lembang,cikatomas pakidulan joszzz,,,177caa89-e1f6-4b79-a432-4135c290d29c,ch01_00000000152000000.mp4,
121,3100,motorcycle,1motor,1motor,Motorcycle,1,Motorcycle / 3-wheel vehicle,1motor,1,Line 1,opposite,130.9338,2619,0.8846,9a43daf6-40d5-4754-b72b-d2e24af08e50,e2b5d1af-611f-418e-93d3-019b7b7ef4af,123,lembang,cikatomas pakidulan joszzz,,,177caa89-e1f6-4b79-a432-4135c290d29c,ch01_00000000152000000.mp4,
122,3100,motorcycle,1motor,1motor,Motorcycle,1,Motorcycle / 3-wheel vehicle,1motor,2,Line 2,opposite,131.5337,2631,0.8306,9a43daf6-40d5-4754-b72b-d2e24af08e50,e2b5d1af-611f-418e-93d3-019b7b7ef4af,123,lembang,cikatomas pakidulan joszzz,,,177caa89-e1f6-4b79-a432-4135c290d29c,ch01_00000000152000000.mp4,
123,3203,motorcycle,1motor,1motor,Motorcycle,1,Motorcycle / 3-wheel vehicle,1motor,2,Line 2,normal,132.4336,2649,0.7059,9a43daf6-40d5-4754-b72b-d2e24af08e50,e2b5d1af-611f-418e-93d3-019b7b7ef4af,123,lembang,cikatomas pakidulan joszzz,,,177caa89-e1f6-4b79-a432-4135c290d29c,ch01_00000000152000000.mp4,
124,3979,car,3ang_umum,3ang_umum,Public Transportation (Angkot),3,Medium passenger vehicle,3ang_umum,2,Line 2,normal,146.4319,2929,0.6437,9a43daf6-40d5-4754-b72b-d2e24af08e50,e2b5d1af-611f-418e-93d3-019b7b7ef4af,123,lembang,cikatomas pakidulan joszzz,,,177caa89-e1f6-4b79-a432-4135c290d29c,ch01_00000000152000000.mp4,
125,3979,car,3ang_umum,3ang_umum,Public Transportation (Angkot),3,Medium passenger vehicle,3ang_umum,1,Line 1,normal,147.2818,2946,0.9223,9a43daf6-40d5-4754-b72b-d2e24af08e50,e2b5d1af-611f-418e-93d3-019b7b7ef4af,123,lembang,cikatomas pakidulan joszzz,,,177caa89-e1f6-4b79-a432-4135c290d29c,ch01_00000000152000000.mp4,
126,4092,car,2mobil,2mobil,Car / Sedan,2,Sedan / jeep / station wagon,2mobil,1,Line 1,normal,148.2317,2965,0.8858,9a43daf6-40d5-4754-b72b-d2e24af08e50,e2b5d1af-611f-418e-93d3-019b7b7ef4af,123,lembang,cikatomas pakidulan joszzz,,,177caa89-e1f6-4b79-a432-4135c290d29c,ch01_00000000152000000.mp4,
127,4321,car,2mobil,2mobil,Car / Sedan,2,Sedan / jeep / station wagon,2mobil,1,Line 1,normal,151.3813,3028,0.9112,9a43daf6-40d5-4754-b72b-d2e24af08e50,e2b5d1af-611f-418e-93d3-019b7b7ef4af,123,lembang,cikatomas pakidulan joszzz,,,177caa89-e1f6-4b79-a432-4135c290d29c,ch01_00000000152000000.mp4,
128,4448,car,2mobil,2mobil,Car / Sedan,2,Sedan / jeep / station wagon,2mobil,2,Line 2,normal,153.931,3079,0.7479,9a43daf6-40d5-4754-b72b-d2e24af08e50,e2b5d1af-611f-418e-93d3-019b7b7ef4af,123,lembang,cikatomas pakidulan joszzz,,,177caa89-e1f6-4b79-a432-4135c290d29c,ch01_00000000152000000.mp4,
129,4448,car,2mobil,2mobil,Car / Sedan,2,Sedan / jeep / station wagon,2mobil,1,Line 1,normal,154.4309,3089,0.886,9a43daf6-40d5-4754-b72b-d2e24af08e50,e2b5d1af-611f-418e-93d3-019b7b7ef4af,123,lembang,cikatomas pakidulan joszzz,,,177caa89-e1f6-4b79-a432-4135c290d29c,ch01_00000000152000000.mp4,
130,4966,motorcycle,1motor,1motor,Motorcycle,1,Motorcycle / 3-wheel vehicle,1motor,2,Line 2,normal,161.38,3228,0.6039,9a43daf6-40d5-4754-b72b-d2e24af08e50,e2b5d1af-611f-418e-93d3-019b7b7ef4af,123,lembang,cikatomas pakidulan joszzz,,,177caa89-e1f6-4b79-a432-4135c290d29c,ch01_00000000152000000.mp4,
131,5010,truck,6tr_2sumbu,6TR_2sumbu,2-Axle Truck (Jumbo),6,2-Axle Truck,6tr_2sumbu,2,Line 2,normal,162.8299,3257,0.7612,9a43daf6-40d5-4754-b72b-d2e24af08e50,e2b5d1af-611f-418e-93d3-019b7b7ef4af,123,lembang,cikatomas pakidulan joszzz,,,177caa89-e1f6-4b79-a432-4135c290d29c,ch01_00000000152000000.mp4,
132,5010,truck,6tr_2sumbu,6TR_2sumbu,2-Axle Truck (Jumbo),6,2-Axle Truck,6tr_2sumbu,1,Line 1,normal,163.6798,3274,0.9071,9a43daf6-40d5-4754-b72b-d2e24af08e50,e2b5d1af-611f-418e-93d3-019b7b7ef4af,123,lembang,cikatomas pakidulan joszzz,,,177caa89-e1f6-4b79-a432-4135c290d29c,ch01_00000000152000000.mp4,
133,5141,motorcycle,1motor,1motor,Motorcycle,1,Motorcycle / 3-wheel vehicle,1motor,2,Line 2,opposite,163.8297,3277,0.831,9a43daf6-40d5-4754-b72b-d2e24af08e50,e2b5d1af-611f-418e-93d3-019b7b7ef4af,123,lembang,cikatomas pakidulan joszzz,,,177caa89-e1f6-4b79-a432-4135c290d29c,ch01_00000000152000000.mp4,
134,5174,motorcycle,1motor,1motor,Motorcycle,1,Motorcycle / 3-wheel vehicle,1motor,2,Line 2,opposite,164.6296,3293,0.8632,9a43daf6-40d5-4754-b72b-d2e24af08e50,e2b5d1af-611f-418e-93d3-019b7b7ef4af,123,lembang,cikatomas pakidulan joszzz,,,177caa89-e1f6-4b79-a432-4135c290d29c,ch01_00000000152000000.mp4,
135,5181,motorcycle,1motor,1motor,Motorcycle,1,Motorcycle / 3-wheel vehicle,1motor,1,Line 1,opposite,165.0296,3301,0.7239,9a43daf6-40d5-4754-b72b-d2e24af08e50,e2b5d1af-611f-418e-93d3-019b7b7ef4af,123,lembang,cikatomas pakidulan joszzz,,,177caa89-e1f6-4b79-a432-4135c290d29c,ch01_00000000152000000.mp4,
136,5283,motorcycle,1motor,1motor,Motorcycle,1,Motorcycle / 3-wheel vehicle,1motor,2,Line 2,opposite,165.9795,3320,0.7812,9a43daf6-40d5-4754-b72b-d2e24af08e50,e2b5d1af-611f-418e-93d3-019b7b7ef4af,123,lembang,cikatomas pakidulan joszzz,,,177caa89-e1f6-4b79-a432-4135c290d29c,ch01_00000000152000000.mp4,
137,5352,car,2mobil,2mobil,Car / Sedan,2,Sedan / jeep / station wagon,2mobil,2,Line 2,normal,167.4293,3349,0.8976,9a43daf6-40d5-4754-b72b-d2e24af08e50,e2b5d1af-611f-418e-93d3-019b7b7ef4af,123,lembang,cikatomas pakidulan joszzz,,,177caa89-e1f6-4b79-a432-4135c290d29c,ch01_00000000152000000.mp4,
138,5181,motorcycle,1motor,1motor,Motorcycle,1,Motorcycle / 3-wheel vehicle,1motor,2,Line 2,opposite,167.5793,3352,0.5572,9a43daf6-40d5-4754-b72b-d2e24af08e50,e2b5d1af-611f-418e-93d3-019b7b7ef4af,123,lembang,cikatomas pakidulan joszzz,,,177caa89-e1f6-4b79-a432-4135c290d29c,ch01_00000000152000000.mp4,
139,5352,car,2mobil,2mobil,Car / Sedan,2,Sedan / jeep / station wagon,2mobil,1,Line 1,normal,168.3292,3367,0.9299,9a43daf6-40d5-4754-b72b-d2e24af08e50,e2b5d1af-611f-418e-93d3-019b7b7ef4af,123,lembang,cikatomas pakidulan joszzz,,,177caa89-e1f6-4b79-a432-4135c290d29c,ch01_00000000152000000.mp4,
140,5485,motorcycle,1motor,1motor,Motorcycle,1,Motorcycle / 3-wheel vehicle,1motor,1,Line 1,opposite,168.7791,3376,0.891,9a43daf6-40d5-4754-b72b-d2e24af08e50,e2b5d1af-611f-418e-93d3-019b7b7ef4af,123,lembang,cikatomas pakidulan joszzz,,,177caa89-e1f6-4b79-a432-4135c290d29c,ch01_00000000152000000.mp4,
141,5485,motorcycle,1motor,1motor,Motorcycle,1,Motorcycle / 3-wheel vehicle,1motor,2,Line 2,opposite,169.2791,3386,0.7521,9a43daf6-40d5-4754-b72b-d2e24af08e50,e2b5d1af-611f-418e-93d3-019b7b7ef4af,123,lembang,cikatomas pakidulan joszzz,,,177caa89-e1f6-4b79-a432-4135c290d29c,ch01_00000000152000000.mp4,
142,5547,car,2mobil,2mobil,Car / Sedan,2,Sedan / jeep / station wagon,2mobil,2,Line 2,normal,170.6289,3413,0.8867,9a43daf6-40d5-4754-b72b-d2e24af08e50,e2b5d1af-611f-418e-93d3-019b7b7ef4af,123,lembang,cikatomas pakidulan joszzz,,,177caa89-e1f6-4b79-a432-4135c290d29c,ch01_00000000152000000.mp4,
143,5547,car,2mobil,2mobil,Car / Sedan,2,Sedan / jeep / station wagon,2mobil,1,Line 1,normal,171.4288,3429,0.9155,9a43daf6-40d5-4754-b72b-d2e24af08e50,e2b5d1af-611f-418e-93d3-019b7b7ef4af,123,lembang,cikatomas pakidulan joszzz,,,177caa89-e1f6-4b79-a432-4135c290d29c,ch01_00000000152000000.mp4,
144,5663,car,2mobil,2mobil,Car / Sedan,2,Sedan / jeep / station wagon,2mobil,2,Line 2,normal,172.3787,3448,0.8966,9a43daf6-40d5-4754-b72b-d2e24af08e50,e2b5d1af-611f-418e-93d3-019b7b7ef4af,123,lembang,cikatomas pakidulan joszzz,,,177caa89-e1f6-4b79-a432-4135c290d29c,ch01_00000000152000000.mp4,
145,5752,motorcycle,1motor,1motor,Motorcycle,1,Motorcycle / 3-wheel vehicle,1motor,1,Line 1,opposite,172.6286,3453,0.887,9a43daf6-40d5-4754-b72b-d2e24af08e50,e2b5d1af-611f-418e-93d3-019b7b7ef4af,123,lembang,cikatomas pakidulan joszzz,,,177caa89-e1f6-4b79-a432-4135c290d29c,ch01_00000000152000000.mp4,
146,5782,motorcycle,1motor,1motor,Motorcycle,1,Motorcycle / 3-wheel vehicle,1motor,1,Line 1,opposite,173.1286,3463,0.8793,9a43daf6-40d5-4754-b72b-d2e24af08e50,e2b5d1af-611f-418e-93d3-019b7b7ef4af,123,lembang,cikatomas pakidulan joszzz,,,177caa89-e1f6-4b79-a432-4135c290d29c,ch01_00000000152000000.mp4,
147,5663,car,2mobil,2mobil,Car / Sedan,2,Sedan / jeep / station wagon,2mobil,1,Line 1,normal,173.1786,3464,0.8919,9a43daf6-40d5-4754-b72b-d2e24af08e50,e2b5d1af-611f-418e-93d3-019b7b7ef4af,123,lembang,cikatomas pakidulan joszzz,,,177caa89-e1f6-4b79-a432-4135c290d29c,ch01_00000000152000000.mp4,
148,5752,motorcycle,1motor,1motor,Motorcycle,1,Motorcycle / 3-wheel vehicle,1motor,2,Line 2,opposite,173.2286,3465,0.8379,9a43daf6-40d5-4754-b72b-d2e24af08e50,e2b5d1af-611f-418e-93d3-019b7b7ef4af,123,lembang,cikatomas pakidulan joszzz,,,177caa89-e1f6-4b79-a432-4135c290d29c,ch01_00000000152000000.mp4,
149,5782,motorcycle,1motor,1motor,Motorcycle,1,Motorcycle / 3-wheel vehicle,1motor,2,Line 2,opposite,173.7285,3475,0.8072,9a43daf6-40d5-4754-b72b-d2e24af08e50,e2b5d1af-611f-418e-93d3-019b7b7ef4af,123,lembang,cikatomas pakidulan joszzz,,,177caa89-e1f6-4b79-a432-4135c290d29c,ch01_00000000152000000.mp4,
150,6009,motorcycle,1motor,1motor,Motorcycle,1,Motorcycle / 3-wheel vehicle,1motor,1,Line 1,opposite,177.4281,3549,0.9052,9a43daf6-40d5-4754-b72b-d2e24af08e50,e2b5d1af-611f-418e-93d3-019b7b7ef4af,123,lembang,cikatomas pakidulan joszzz,,,177caa89-e1f6-4b79-a432-4135c290d29c,ch01_00000000152000000.mp4,
151,6009,motorcycle,1motor,1motor,Motorcycle,1,Motorcycle / 3-wheel vehicle,1motor,2,Line 2,opposite,178.128,3563,0.8423,9a43daf6-40d5-4754-b72b-d2e24af08e50,e2b5d1af-611f-418e-93d3-019b7b7ef4af,123,lembang,cikatomas pakidulan joszzz,,,177caa89-e1f6-4b79-a432-4135c290d29c,ch01_00000000152000000.mp4,
152,6061,motorcycle,1motor,1motor,Motorcycle,1,Motorcycle / 3-wheel vehicle,1motor,1,Line 1,opposite,178.4279,3569,0.8446,9a43daf6-40d5-4754-b72b-d2e24af08e50,e2b5d1af-611f-418e-93d3-019b7b7ef4af,123,lembang,cikatomas pakidulan joszzz,,,177caa89-e1f6-4b79-a432-4135c290d29c,ch01_00000000152000000.mp4,
153,6103,motorcycle,1motor,1motor,Motorcycle,1,Motorcycle / 3-wheel vehicle,1motor,1,Line 1,opposite,178.9779,3580,0.8095,9a43daf6-40d5-4754-b72b-d2e24af08e50,e2b5d1af-611f-418e-93d3-019b7b7ef4af,123,lembang,cikatomas pakidulan joszzz,,,177caa89-e1f6-4b79-a432-4135c290d29c,ch01_00000000152000000.mp4,
154,6061,motorcycle,1motor,1motor,Motorcycle,1,Motorcycle / 3-wheel vehicle,1motor,2,Line 2,opposite,179.1778,3584,0.8308,9a43daf6-40d5-4754-b72b-d2e24af08e50,e2b5d1af-611f-418e-93d3-019b7b7ef4af,123,lembang,cikatomas pakidulan joszzz,,,177caa89-e1f6-4b79-a432-4135c290d29c,ch01_00000000152000000.mp4,
155,6112,car,2mobil,2mobil,Car / Sedan,2,Sedan / jeep / station wagon,2mobil,1,Line 1,opposite,179.2778,3586,0.837,9a43daf6-40d5-4754-b72b-d2e24af08e50,e2b5d1af-611f-418e-93d3-019b7b7ef4af,123,lembang,cikatomas pakidulan joszzz,,,177caa89-e1f6-4b79-a432-4135c290d29c,ch01_00000000152000000.mp4,
156,6103,motorcycle,1motor,1motor,Motorcycle,1,Motorcycle / 3-wheel vehicle,1motor,2,Line 2,opposite,179.6278,3593,0.7831,9a43daf6-40d5-4754-b72b-d2e24af08e50,e2b5d1af-611f-418e-93d3-019b7b7ef4af,123,lembang,cikatomas pakidulan joszzz,,,177caa89-e1f6-4b79-a432-4135c290d29c,ch01_00000000152000000.mp4,
157,6112,car,2mobil,2mobil,Car / Sedan,2,Sedan / jeep / station wagon,2mobil,2,Line 2,opposite,179.9777,3600,0.823,9a43daf6-40d5-4754-b72b-d2e24af08e50,e2b5d1af-611f-418e-93d3-019b7b7ef4af,123,lembang,cikatomas pakidulan joszzz,,,177caa89-e1f6-4b79-a432-4135c290d29c,ch01_00000000152000000.mp4,
158,6092,car,2mobil,2mobil,Car / Sedan,2,Sedan / jeep / station wagon,2mobil,2,Line 2,normal,180.4777,3610,0.9018,9a43daf6-40d5-4754-b72b-d2e24af08e50,e2b5d1af-611f-418e-93d3-019b7b7ef4af,123,lembang,cikatomas pakidulan joszzz,,,177caa89-e1f6-4b79-a432-4135c290d29c,ch01_00000000152000000.mp4,
159,6193,motorcycle,1motor,1motor,Motorcycle,1,Motorcycle / 3-wheel vehicle,1motor,1,Line 1,opposite,181.1276,3623,0.8794,9a43daf6-40d5-4754-b72b-d2e24af08e50,e2b5d1af-611f-418e-93d3-019b7b7ef4af,123,lembang,cikatomas pakidulan joszzz,,,177caa89-e1f6-4b79-a432-4135c290d29c,ch01_00000000152000000.mp4,
160,6092,car,2mobil,2mobil,Car / Sedan,2,Sedan / jeep / station wagon,2mobil,1,Line 1,normal,181.6275,3633,0.9274,9a43daf6-40d5-4754-b72b-d2e24af08e50,e2b5d1af-611f-418e-93d3-019b7b7ef4af,123,lembang,cikatomas pakidulan joszzz,,,177caa89-e1f6-4b79-a432-4135c290d29c,ch01_00000000152000000.mp4,
161,6193,motorcycle,1motor,1motor,Motorcycle,1,Motorcycle / 3-wheel vehicle,1motor,2,Line 2,opposite,181.8275,3637,0.8198,9a43daf6-40d5-4754-b72b-d2e24af08e50,e2b5d1af-611f-418e-93d3-019b7b7ef4af,123,lembang,cikatomas pakidulan joszzz,,,177caa89-e1f6-4b79-a432-4135c290d29c,ch01_00000000152000000.mp4,
162,6256,motorcycle,1motor,1motor,Motorcycle,1,Motorcycle / 3-wheel vehicle,1motor,1,Line 1,opposite,182.4774,3650,0.8635,9a43daf6-40d5-4754-b72b-d2e24af08e50,e2b5d1af-611f-418e-93d3-019b7b7ef4af,123,lembang,cikatomas pakidulan joszzz,,,177caa89-e1f6-4b79-a432-4135c290d29c,ch01_00000000152000000.mp4,
163,6256,motorcycle,1motor,1motor,Motorcycle,1,Motorcycle / 3-wheel vehicle,1motor,2,Line 2,opposite,183.1273,3663,0.8355,9a43daf6-40d5-4754-b72b-d2e24af08e50,e2b5d1af-611f-418e-93d3-019b7b7ef4af,123,lembang,cikatomas pakidulan joszzz,,,177caa89-e1f6-4b79-a432-4135c290d29c,ch01_00000000152000000.mp4,
164,6297,motorcycle,1motor,1motor,Motorcycle,1,Motorcycle / 3-wheel vehicle,1motor,2,Line 2,opposite,183.4773,3670,0.855,9a43daf6-40d5-4754-b72b-d2e24af08e50,e2b5d1af-611f-418e-93d3-019b7b7ef4af,123,lembang,cikatomas pakidulan joszzz,,,177caa89-e1f6-4b79-a432-4135c290d29c,ch01_00000000152000000.mp4,
165,6398,motorcycle,1motor,1motor,Motorcycle,1,Motorcycle / 3-wheel vehicle,1motor,1,Line 1,opposite,185.2271,3705,0.8822,9a43daf6-40d5-4754-b72b-d2e24af08e50,e2b5d1af-611f-418e-93d3-019b7b7ef4af,123,lembang,cikatomas pakidulan joszzz,,,177caa89-e1f6-4b79-a432-4135c290d29c,ch01_00000000152000000.mp4,
166,6450,motorcycle,1motor,1motor,Motorcycle,1,Motorcycle / 3-wheel vehicle,1motor,1,Line 1,opposite,186.077,3722,0.6677,9a43daf6-40d5-4754-b72b-d2e24af08e50,e2b5d1af-611f-418e-93d3-019b7b7ef4af,123,lembang,cikatomas pakidulan joszzz,,,177caa89-e1f6-4b79-a432-4135c290d29c,ch01_00000000152000000.mp4,
167,6398,motorcycle,1motor,1motor,Motorcycle,1,Motorcycle / 3-wheel vehicle,1motor,2,Line 2,opposite,186.177,3724,0.8596,9a43daf6-40d5-4754-b72b-d2e24af08e50,e2b5d1af-611f-418e-93d3-019b7b7ef4af,123,lembang,cikatomas pakidulan joszzz,,,177caa89-e1f6-4b79-a432-4135c290d29c,ch01_00000000152000000.mp4,
168,6497,motorcycle,1motor,1motor,Motorcycle,1,Motorcycle / 3-wheel vehicle,1motor,1,Line 1,opposite,186.7769,3736,0.8817,9a43daf6-40d5-4754-b72b-d2e24af08e50,e2b5d1af-611f-418e-93d3-019b7b7ef4af,123,lembang,cikatomas pakidulan joszzz,,,177caa89-e1f6-4b79-a432-4135c290d29c,ch01_00000000152000000.mp4,
169,6450,motorcycle,1motor,1motor,Motorcycle,1,Motorcycle / 3-wheel vehicle,1motor,2,Line 2,opposite,186.8269,3737,0.8452,9a43daf6-40d5-4754-b72b-d2e24af08e50,e2b5d1af-611f-418e-93d3-019b7b7ef4af,123,lembang,cikatomas pakidulan joszzz,,,177caa89-e1f6-4b79-a432-4135c290d29c,ch01_00000000152000000.mp4,
170,6515,motorcycle,1motor,1motor,Motorcycle,1,Motorcycle / 3-wheel vehicle,1motor,1,Line 1,opposite,187.0269,3741,0.8871,9a43daf6-40d5-4754-b72b-d2e24af08e50,e2b5d1af-611f-418e-93d3-019b7b7ef4af,123,lembang,cikatomas pakidulan joszzz,,,177caa89-e1f6-4b79-a432-4135c290d29c,ch01_00000000152000000.mp4,
171,6497,motorcycle,1motor,1motor,Motorcycle,1,Motorcycle / 3-wheel vehicle,1motor,2,Line 2,opposite,187.7268,3755,0.8265,9a43daf6-40d5-4754-b72b-d2e24af08e50,e2b5d1af-611f-418e-93d3-019b7b7ef4af,123,lembang,cikatomas pakidulan joszzz,,,177caa89-e1f6-4b79-a432-4135c290d29c,ch01_00000000152000000.mp4,
172,6515,motorcycle,1motor,1motor,Motorcycle,1,Motorcycle / 3-wheel vehicle,1motor,2,Line 2,opposite,187.8268,3757,0.856,9a43daf6-40d5-4754-b72b-d2e24af08e50,e2b5d1af-611f-418e-93d3-019b7b7ef4af,123,lembang,cikatomas pakidulan joszzz,,,177caa89-e1f6-4b79-a432-4135c290d29c,ch01_00000000152000000.mp4,
173,6698,car,2mobil,2mobil,Car / Sedan,2,Sedan / jeep / station wagon,2mobil,1,Line 1,opposite,189.8765,3798,0.9293,9a43daf6-40d5-4754-b72b-d2e24af08e50,e2b5d1af-611f-418e-93d3-019b7b7ef4af,123,lembang,cikatomas pakidulan joszzz,,,177caa89-e1f6-4b79-a432-4135c290d29c,ch01_00000000152000000.mp4,
174,6717,car,2mobil,2mobil,Car / Sedan,2,Sedan / jeep / station wagon,2mobil,2,Line 2,normal,189.8765,3798,0.7916,9a43daf6-40d5-4754-b72b-d2e24af08e50,e2b5d1af-611f-418e-93d3-019b7b7ef4af,123,lembang,cikatomas pakidulan joszzz,,,177caa89-e1f6-4b79-a432-4135c290d29c,ch01_00000000152000000.mp4,
175,6717,car,2mobil,2mobil,Car / Sedan,2,Sedan / jeep / station wagon,2mobil,1,Line 1,normal,190.6264,3813,0.7988,9a43daf6-40d5-4754-b72b-d2e24af08e50,e2b5d1af-611f-418e-93d3-019b7b7ef4af,123,lembang,cikatomas pakidulan joszzz,,,177caa89-e1f6-4b79-a432-4135c290d29c,ch01_00000000152000000.mp4,
176,6698,car,2mobil,2mobil,Car / Sedan,2,Sedan / jeep / station wagon,2mobil,2,Line 2,opposite,190.6264,3813,0.9179,9a43daf6-40d5-4754-b72b-d2e24af08e50,e2b5d1af-611f-418e-93d3-019b7b7ef4af,123,lembang,cikatomas pakidulan joszzz,,,177caa89-e1f6-4b79-a432-4135c290d29c,ch01_00000000152000000.mp4,
177,6865,truck,4pickupmicro,4PickupMicro,Pickup / Micro Truck,4,Pickup / micro truck / delivery,4pickupmicro,1,Line 1,opposite,192.5762,3852,0.9224,9a43daf6-40d5-4754-b72b-d2e24af08e50,e2b5d1af-611f-418e-93d3-019b7b7ef4af,123,lembang,cikatomas pakidulan joszzz,,,177caa89-e1f6-4b79-a432-4135c290d29c,ch01_00000000152000000.mp4,
178,6865,truck,4pickupmicro,4PickupMicro,Pickup / Micro Truck,4,Pickup / micro truck / delivery,4pickupmicro,2,Line 2,opposite,193.3761,3868,0.9031,9a43daf6-40d5-4754-b72b-d2e24af08e50,e2b5d1af-611f-418e-93d3-019b7b7ef4af,123,lembang,cikatomas pakidulan joszzz,,,177caa89-e1f6-4b79-a432-4135c290d29c,ch01_00000000152000000.mp4,
179,6946,motorcycle,1motor,1motor,Motorcycle,1,Motorcycle / 3-wheel vehicle,1motor,1,Line 1,opposite,193.4761,3870,0.8765,9a43daf6-40d5-4754-b72b-d2e24af08e50,e2b5d1af-611f-418e-93d3-019b7b7ef4af,123,lembang,cikatomas pakidulan joszzz,,,177caa89-e1f6-4b79-a432-4135c290d29c,ch01_00000000152000000.mp4,
180,6929,motorcycle,1motor,1motor,Motorcycle,1,Motorcycle / 3-wheel vehicle,1motor,2,Line 2,opposite,193.4761,3870,0.7816,9a43daf6-40d5-4754-b72b-d2e24af08e50,e2b5d1af-611f-418e-93d3-019b7b7ef4af,123,lembang,cikatomas pakidulan joszzz,,,177caa89-e1f6-4b79-a432-4135c290d29c,ch01_00000000152000000.mp4,
181,6946,motorcycle,1motor,1motor,Motorcycle,1,Motorcycle / 3-wheel vehicle,1motor,2,Line 2,opposite,194.276,3886,0.8259,9a43daf6-40d5-4754-b72b-d2e24af08e50,e2b5d1af-611f-418e-93d3-019b7b7ef4af,123,lembang,cikatomas pakidulan joszzz,,,177caa89-e1f6-4b79-a432-4135c290d29c,ch01_00000000152000000.mp4,
182,7030,car,2mobil,2mobil,Car / Sedan,2,Sedan / jeep / station wagon,2mobil,1,Line 1,opposite,194.7759,3896,0.9288,9a43daf6-40d5-4754-b72b-d2e24af08e50,e2b5d1af-611f-418e-93d3-019b7b7ef4af,123,lembang,cikatomas pakidulan joszzz,,,177caa89-e1f6-4b79-a432-4135c290d29c,ch01_00000000152000000.mp4,
183,7030,car,2mobil,2mobil,Car / Sedan,2,Sedan / jeep / station wagon,2mobil,2,Line 2,opposite,195.6258,3913,0.909,9a43daf6-40d5-4754-b72b-d2e24af08e50,e2b5d1af-611f-418e-93d3-019b7b7ef4af,123,lembang,cikatomas pakidulan joszzz,,,177caa89-e1f6-4b79-a432-4135c290d29c,ch01_00000000152000000.mp4,
184,7136,car,2mobil,2mobil,Car / Sedan,2,Sedan / jeep / station wagon,2mobil,1,Line 1,opposite,196.3257,3927,0.9236,9a43daf6-40d5-4754-b72b-d2e24af08e50,e2b5d1af-611f-418e-93d3-019b7b7ef4af,123,lembang,cikatomas pakidulan joszzz,,,177caa89-e1f6-4b79-a432-4135c290d29c,ch01_00000000152000000.mp4,
185,7096,motorcycle,1motor,1motor,Motorcycle,1,Motorcycle / 3-wheel vehicle,1motor,1,Line 1,normal,196.3757,3928,0.8102,9a43daf6-40d5-4754-b72b-d2e24af08e50,e2b5d1af-611f-418e-93d3-019b7b7ef4af,123,lembang,cikatomas pakidulan joszzz,,,177caa89-e1f6-4b79-a432-4135c290d29c,ch01_00000000152000000.mp4,
186,7136,car,2mobil,2mobil,Car / Sedan,2,Sedan / jeep / station wagon,2mobil,2,Line 2,opposite,197.1256,3943,0.903,9a43daf6-40d5-4754-b72b-d2e24af08e50,e2b5d1af-611f-418e-93d3-019b7b7ef4af,123,lembang,cikatomas pakidulan joszzz,,,177caa89-e1f6-4b79-a432-4135c290d29c,ch01_00000000152000000.mp4,
187,7285,car,2mobil,2mobil,Car / Sedan,2,Sedan / jeep / station wagon,2mobil,1,Line 1,normal,198.6754,3974,0.8881,9a43daf6-40d5-4754-b72b-d2e24af08e50,e2b5d1af-611f-418e-93d3-019b7b7ef4af,123,lembang,cikatomas pakidulan joszzz,,,177caa89-e1f6-4b79-a432-4135c290d29c,ch01_00000000152000000.mp4,
188,7350,car,2mobil,2mobil,Car / Sedan,2,Sedan / jeep / station wagon,2mobil,1,Line 1,opposite,199.8753,3998,0.9316,9a43daf6-40d5-4754-b72b-d2e24af08e50,e2b5d1af-611f-418e-93d3-019b7b7ef4af,123,lembang,cikatomas pakidulan joszzz,,,177caa89-e1f6-4b79-a432-4135c290d29c,ch01_00000000152000000.mp4,
189,7350,car,2mobil,2mobil,Car / Sedan,2,Sedan / jeep / station wagon,2mobil,2,Line 2,opposite,200.5752,4012,0.9046,9a43daf6-40d5-4754-b72b-d2e24af08e50,e2b5d1af-611f-418e-93d3-019b7b7ef4af,123,lembang,cikatomas pakidulan joszzz,,,177caa89-e1f6-4b79-a432-4135c290d29c,ch01_00000000152000000.mp4,
190,7484,car,2mobil,2mobil,Car / Sedan,2,Sedan / jeep / station wagon,2mobil,2,Line 2,normal,202.8249,4057,0.8523,9a43daf6-40d5-4754-b72b-d2e24af08e50,e2b5d1af-611f-418e-93d3-019b7b7ef4af,123,lembang,cikatomas pakidulan joszzz,,,177caa89-e1f6-4b79-a432-4135c290d29c,ch01_00000000152000000.mp4,
191,7484,car,2mobil,2mobil,Car / Sedan,2,Sedan / jeep / station wagon,2mobil,1,Line 1,normal,203.7748,4076,0.9284,9a43daf6-40d5-4754-b72b-d2e24af08e50,e2b5d1af-611f-418e-93d3-019b7b7ef4af,123,lembang,cikatomas pakidulan joszzz,,,177caa89-e1f6-4b79-a432-4135c290d29c,ch01_00000000152000000.mp4,
192,8072,motorcycle,1motor,1motor,Motorcycle,1,Motorcycle / 3-wheel vehicle,1motor,1,Line 1,opposite,213.1236,4263,0.885,9a43daf6-40d5-4754-b72b-d2e24af08e50,e2b5d1af-611f-418e-93d3-019b7b7ef4af,123,lembang,cikatomas pakidulan joszzz,,,177caa89-e1f6-4b79-a432-4135c290d29c,ch01_00000000152000000.mp4,
193,8072,motorcycle,1motor,1motor,Motorcycle,1,Motorcycle / 3-wheel vehicle,1motor,2,Line 2,opposite,213.8735,4278,0.8532,9a43daf6-40d5-4754-b72b-d2e24af08e50,e2b5d1af-611f-418e-93d3-019b7b7ef4af,123,lembang,cikatomas pakidulan joszzz,,,177caa89-e1f6-4b79-a432-4135c290d29c,ch01_00000000152000000.mp4,
194,8170,motorcycle,1motor,1motor,Motorcycle,1,Motorcycle / 3-wheel vehicle,1motor,1,Line 1,opposite,214.5235,4291,0.816,9a43daf6-40d5-4754-b72b-d2e24af08e50,e2b5d1af-611f-418e-93d3-019b7b7ef4af,123,lembang,cikatomas pakidulan joszzz,,,177caa89-e1f6-4b79-a432-4135c290d29c,ch01_00000000152000000.mp4,
195,8229,motorcycle,1motor,1motor,Motorcycle,1,Motorcycle / 3-wheel vehicle,1motor,1,Line 1,opposite,215.3234,4307,0.887,9a43daf6-40d5-4754-b72b-d2e24af08e50,e2b5d1af-611f-418e-93d3-019b7b7ef4af,123,lembang,cikatomas pakidulan joszzz,,,177caa89-e1f6-4b79-a432-4135c290d29c,ch01_00000000152000000.mp4,
196,8170,motorcycle,1motor,1motor,Motorcycle,1,Motorcycle / 3-wheel vehicle,1motor,2,Line 2,opposite,215.3234,4307,0.8485,9a43daf6-40d5-4754-b72b-d2e24af08e50,e2b5d1af-611f-418e-93d3-019b7b7ef4af,123,lembang,cikatomas pakidulan joszzz,,,177caa89-e1f6-4b79-a432-4135c290d29c,ch01_00000000152000000.mp4,
197,8229,motorcycle,1motor,1motor,Motorcycle,1,Motorcycle / 3-wheel vehicle,1motor,2,Line 2,opposite,216.0233,4321,0.8355,9a43daf6-40d5-4754-b72b-d2e24af08e50,e2b5d1af-611f-418e-93d3-019b7b7ef4af,123,lembang,cikatomas pakidulan joszzz,,,177caa89-e1f6-4b79-a432-4135c290d29c,ch01_00000000152000000.mp4,
198,8364,motorcycle,1motor,1motor,Motorcycle,1,Motorcycle / 3-wheel vehicle,1motor,1,Line 1,opposite,217.7231,4355,0.7776,9a43daf6-40d5-4754-b72b-d2e24af08e50,e2b5d1af-611f-418e-93d3-019b7b7ef4af,123,lembang,cikatomas pakidulan joszzz,,,177caa89-e1f6-4b79-a432-4135c290d29c,ch01_00000000152000000.mp4,
199,8364,motorcycle,1motor,1motor,Motorcycle,1,Motorcycle / 3-wheel vehicle,1motor,2,Line 2,opposite,218.423,4369,0.8547,9a43daf6-40d5-4754-b72b-d2e24af08e50,e2b5d1af-611f-418e-93d3-019b7b7ef4af,123,lembang,cikatomas pakidulan joszzz,,,177caa89-e1f6-4b79-a432-4135c290d29c,ch01_00000000152000000.mp4,
200,8674,motorcycle,1motor,1motor,Motorcycle,1,Motorcycle / 3-wheel vehicle,1motor,2,Line 2,opposite,224.0223,4481,0.7401,9a43daf6-40d5-4754-b72b-d2e24af08e50,e2b5d1af-611f-418e-93d3-019b7b7ef4af,123,lembang,cikatomas pakidulan joszzz,,,177caa89-e1f6-4b79-a432-4135c290d29c,ch01_00000000152000000.mp4,
201,8864,car,2mobil,2mobil,Car / Sedan,2,Sedan / jeep / station wagon,2mobil,1,Line 1,opposite,227.8718,4558,0.9372,9a43daf6-40d5-4754-b72b-d2e24af08e50,e2b5d1af-611f-418e-93d3-019b7b7ef4af,123,lembang,cikatomas pakidulan joszzz,,,177caa89-e1f6-4b79-a432-4135c290d29c,ch01_00000000152000000.mp4,
202,8864,car,2mobil,2mobil,Car / Sedan,2,Sedan / jeep / station wagon,2mobil,2,Line 2,opposite,228.5717,4572,0.9223,9a43daf6-40d5-4754-b72b-d2e24af08e50,e2b5d1af-611f-418e-93d3-019b7b7ef4af,123,lembang,cikatomas pakidulan joszzz,,,177caa89-e1f6-4b79-a432-4135c290d29c,ch01_00000000152000000.mp4,
203,9062,motorcycle,1motor,1motor,Motorcycle,1,Motorcycle / 3-wheel vehicle,1motor,2,Line 2,opposite,231.0214,4621,0.8329,9a43daf6-40d5-4754-b72b-d2e24af08e50,e2b5d1af-611f-418e-93d3-019b7b7ef4af,123,lembang,cikatomas pakidulan joszzz,,,177caa89-e1f6-4b79-a432-4135c290d29c,ch01_00000000152000000.mp4,
