sequence_no,track_id,vehicle_class,detected_label,vehicle_type_code,vehicle_type_label,golongan_code,golongan_label,source_label,count_line_order,count_line_name,direction,crossed_at_seconds,crossed_at_frame,confidence,video_id,site_id,site_name,analysis_job_id,video_filename,recorded_at
1,1,truck,kelas 6 trukkecil,medium_truck_2_axle,medium 2-axle truck,6b,Medium 2-axle truck,Kelas 6 TrukKecil,1,Default Line,opposite,0.4,10,0.6949,8ac3cc2e-5a57-4077-9280-2bf478fb5521,d23f44a5-98f8-4a59-8550-b323f4ea8a30,Default Site,94e42972-5555-4b5b-9852-afd861a208b0,Sysvideo 4K 8 Megapixel  IP Camera Demo traffic car.mp4,
2,9,car,kelas 2 mobil,medium_passenger,medium passenger transport,3,Medium passenger vehicle,Kelas 2 Mobil,1,Default Line,opposite,1.44,36,0.8108,8ac3cc2e-5a57-4077-9280-2bf478fb5521,d23f44a5-98f8-4a59-8550-b323f4ea8a30,Default Site,94e42972-5555-4b5b-9852-afd861a208b0,Sysvideo 4K 8 Megapixel  IP Camera Demo traffic car.mp4,
3,16,car,kelas 2 mobil,medium_passenger,medium passenger transport,3,Medium passenger vehicle,Kelas 2 Mobil,1,Default Line,opposite,3.04,76,0.8906,8ac3cc2e-5a57-4077-9280-2bf478fb5521,d23f44a5-98f8-4a59-8550-b323f4ea8a30,Default Site,94e42972-5555-4b5b-9852-afd861a208b0,Sysvideo 4K 8 Megapixel  IP Camera Demo traffic car.mp4,
4,17,car,kelas 2 mobil,medium_passenger,medium passenger transport,3,Medium passenger vehicle,Kelas 2 Mobil,1,Default Line,opposite,4.08,102,0.666,8ac3cc2e-5a57-4077-9280-2bf478fb5521,d23f44a5-98f8-4a59-8550-b323f4ea8a30,Default Site,94e42972-5555-4b5b-9852-afd861a208b0,Sysvideo 4K 8 Megapixel  IP Camera Demo traffic car.mp4,
5,19,car,kelas 2 mobil,medium_passenger,medium passenger transport,3,Medium passenger vehicle,Kelas 2 Mobil,1,Default Line,opposite,6.4,160,0.8943,8ac3cc2e-5a57-4077-9280-2bf478fb5521,d23f44a5-98f8-4a59-8550-b323f4ea8a30,Default Site,94e42972-5555-4b5b-9852-afd861a208b0,Sysvideo 4K 8 Megapixel  IP Camera Demo traffic car.mp4,
6,20,car,kelas 2 mobil,medium_passenger,medium passenger transport,3,Medium passenger vehicle,Kelas 2 Mobil,1,Default Line,opposite,7.2,180,0.8801,8ac3cc2e-5a57-4077-9280-2bf478fb5521,d23f44a5-98f8-4a59-8550-b323f4ea8a30,Default Site,94e42972-5555-4b5b-9852-afd861a208b0,Sysvideo 4K 8 Megapixel  IP Camera Demo traffic car.mp4,
7,22,car,kelas 2 mobil,medium_passenger,medium passenger transport,3,Medium passenger vehicle,Kelas 2 Mobil,1,Default Line,opposite,8.0,200,0.8813,8ac3cc2e-5a57-4077-9280-2bf478fb5521,d23f44a5-98f8-4a59-8550-b323f4ea8a30,Default Site,94e42972-5555-4b5b-9852-afd861a208b0,Sysvideo 4K 8 Megapixel  IP Camera Demo traffic car.mp4,
8,26,car,kelas 2 mobil,medium_passenger,medium passenger transport,3,Medium passenger vehicle,Kelas 2 Mobil,1,Default Line,opposite,11.64,291,0.7986,8ac3cc2e-5a57-4077-9280-2bf478fb5521,d23f44a5-98f8-4a59-8550-b323f4ea8a30,Default Site,94e42972-5555-4b5b-9852-afd861a208b0,Sysvideo 4K 8 Megapixel  IP Camera Demo traffic car.mp4,
9,29,car,kelas 2 mobil,medium_passenger,medium passenger transport,3,Medium passenger vehicle,Kelas 2 Mobil,1,Default Line,opposite,13.8,345,0.798,8ac3cc2e-5a57-4077-9280-2bf478fb5521,d23f44a5-98f8-4a59-8550-b323f4ea8a30,Default Site,94e42972-5555-4b5b-9852-afd861a208b0,Sysvideo 4K 8 Megapixel  IP Camera Demo traffic car.mp4,
10,32,bus,kelas 5 bus,large_bus,large bus,5b,Large bus,Kelas 5 Bus,1,Default Line,opposite,15.2,380,0.9119,8ac3cc2e-5a57-4077-9280-2bf478fb5521,d23f44a5-98f8-4a59-8550-b323f4ea8a30,Default Site,94e42972-5555-4b5b-9852-afd861a208b0,Sysvideo 4K 8 Megapixel  IP Camera Demo traffic car.mp4,
11,35,car,kelas 2 mobil,medium_passenger,medium passenger transport,3,Medium passenger vehicle,Kelas 2 Mobil,1,Default Line,opposite,15.48,387,0.8702,8ac3cc2e-5a57-4077-9280-2bf478fb5521,d23f44a5-98f8-4a59-8550-b323f4ea8a30,Default Site,94e42972-5555-4b5b-9852-afd861a208b0,Sysvideo 4K 8 Megapixel  IP Camera Demo traffic car.mp4,
12,38,car,kelas 2 mobil,medium_passenger,medium passenger transport,3,Medium passenger vehicle,Kelas 2 Mobil,1,Default Line,opposite,17.44,436,0.7287,8ac3cc2e-5a57-4077-9280-2bf478fb5521,d23f44a5-98f8-4a59-8550-b323f4ea8a30,Default Site,94e42972-5555-4b5b-9852-afd861a208b0,Sysvideo 4K 8 Megapixel  IP Camera Demo traffic car.mp4,
13,40,car,kelas 2 mobil,medium_passenger,medium passenger transport,3,Medium passenger vehicle,Kelas 2 Mobil,1,Default Line,opposite,18.6,465,0.8159,8ac3cc2e-5a57-4077-9280-2bf478fb5521,d23f44a5-98f8-4a59-8550-b323f4ea8a30,Default Site,94e42972-5555-4b5b-9852-afd861a208b0,Sysvideo 4K 8 Megapixel  IP Camera Demo traffic car.mp4,
14,43,car,kelas 2 mobil,medium_passenger,medium passenger transport,3,Medium passenger vehicle,Kelas 2 Mobil,1,Default Line,opposite,19.32,483,0.8964,8ac3cc2e-5a57-4077-9280-2bf478fb5521,d23f44a5-98f8-4a59-8550-b323f4ea8a30,Default Site,94e42972-5555-4b5b-9852-afd861a208b0,Sysvideo 4K 8 Megapixel  IP Camera Demo traffic car.mp4,
15,49,car,kelas 2 mobil,medium_passenger,medium passenger transport,3,Medium passenger vehicle,Kelas 2 Mobil,1,Default Line,opposite,20.64,516,0.8752,8ac3cc2e-5a57-4077-9280-2bf478fb5521,d23f44a5-98f8-4a59-8550-b323f4ea8a30,Default Site,94e42972-5555-4b5b-9852-afd861a208b0,Sysvideo 4K 8 Megapixel  IP Camera Demo traffic car.mp4,
16,51,car,kelas 2 mobil,medium_passenger,medium passenger transport,3,Medium passenger vehicle,Kelas 2 Mobil,1,Default Line,opposite,20.96,524,0.8873,8ac3cc2e-5a57-4077-9280-2bf478fb5521,d23f44a5-98f8-4a59-8550-b323f4ea8a30,Default Site,94e42972-5555-4b5b-9852-afd861a208b0,Sysvideo 4K 8 Megapixel  IP Camera Demo traffic car.mp4,
17,54,car,kelas 2 mobil,passenger_car,"car (sedan, jeep, station wagon)",2,Sedan / jeep / station wagon,Kelas 2 Mobil,1,Default Line,opposite,21.72,543,0.8578,8ac3cc2e-5a57-4077-9280-2bf478fb5521,d23f44a5-98f8-4a59-8550-b323f4ea8a30,Default Site,94e42972-5555-4b5b-9852-afd861a208b0,Sysvideo 4K 8 Megapixel  IP Camera Demo traffic car.mp4,
18,56,car,kelas 2 mobil,medium_passenger,medium passenger transport,3,Medium passenger vehicle,Kelas 2 Mobil,1,Default Line,opposite,22.52,563,0.8706,8ac3cc2e-5a57-4077-9280-2bf478fb5521,d23f44a5-98f8-4a59-8550-b323f4ea8a30,Default Site,94e42972-5555-4b5b-9852-afd861a208b0,Sysvideo 4K 8 Megapixel  IP Camera Demo traffic car.mp4,
19,59,car,kelas 2 mobil,passenger_car,"car (sedan, jeep, station wagon)",2,Sedan / jeep / station wagon,Kelas 2 Mobil,1,Default Line,opposite,25.72,643,0.8862,8ac3cc2e-5a57-4077-9280-2bf478fb5521,d23f44a5-98f8-4a59-8550-b323f4ea8a30,Default Site,94e42972-5555-4b5b-9852-afd861a208b0,Sysvideo 4K 8 Megapixel  IP Camera Demo traffic car.mp4,
20,64,car,kelas 2 mobil,medium_passenger,medium passenger transport,3,Medium passenger vehicle,Kelas 2 Mobil,1,Default Line,opposite,26.68,667,0.3708,8ac3cc2e-5a57-4077-9280-2bf478fb5521,d23f44a5-98f8-4a59-8550-b323f4ea8a30,Default Site,94e42972-5555-4b5b-9852-afd861a208b0,Sysvideo 4K 8 Megapixel  IP Camera Demo traffic car.mp4,
21,62,car,kelas 3 angkot,medium_passenger,medium passenger transport,3,Medium passenger vehicle,Kelas 3 Angkot,1,Default Line,opposite,27.64,691,0.9001,8ac3cc2e-5a57-4077-9280-2bf478fb5521,d23f44a5-98f8-4a59-8550-b323f4ea8a30,Default Site,94e42972-5555-4b5b-9852-afd861a208b0,Sysvideo 4K 8 Megapixel  IP Camera Demo traffic car.mp4,
22,72,car,kelas 2 mobil,medium_passenger,medium passenger transport,3,Medium passenger vehicle,Kelas 2 Mobil,1,Default Line,opposite,27.84,696,0.7948,8ac3cc2e-5a57-4077-9280-2bf478fb5521,d23f44a5-98f8-4a59-8550-b323f4ea8a30,Default Site,94e42972-5555-4b5b-9852-afd861a208b0,Sysvideo 4K 8 Megapixel  IP Camera Demo traffic car.mp4,
